Machine,Lambda,Trial,Time,Demand,selectedHub0,selectedHub1,selectedHub2,selectedHub3,selectedHub4,selectedHub5,selectedHub6,selectedHub7,selectedHub8,selectedHub9,selectedHub10,selectedHub11,selectedHub12,selectedHub13,selectedHub14,selectedHub15,selectedHub16,selectedHub17,selectedHub18,selectedHub19,selectedHub20,selectedHub21,selectedHub22,selectedHub23,selectedHub24,selectedHub25,selectedHub26,selectedHub27,selectedHub28,selectedHub29,selectedHub30,selectedHub31,selectedHub32,selectedHub33,selectedHub34,selectedHub35,selectedHub36,selectedHub37,selectedHub38,selectedHub39,selectedHub40,selectedHub41,selectedHub42,selectedHub43,selectedHub44,selectedHub45,selectedHub46,selectedHub47,selectedHub48,selectedHub49,selectedHub50,selectedHub51,selectedHub52,selectedHub53,selectedHub54,selectedHub55,selectedHub56,selectedHub57,selectedHub58,selectedHub59,selectedHub60,selectedHub61,selectedHub62,selectedHub63,selectedHub64,selectedHub65,selectedHub66,selectedHub67,selectedHub68,selectedHub69,selectedHub70,selectedHub71,selectedHub72,selectedHub73,selectedHub74,selectedHub75,selectedHub76,selectedHub77,selectedHub78,selectedHub79
DESKTOP-ASQ3AP9,1,0,0.9060459136962891,11405.862108795201,1,2,6,8,9,13,14,15,17,24,26,27,30,32,33,34,35,37,39,41,46,47,48,50,53,54,60,61,63,64,68,70,72,73,76,77,78,80,83,88,89,90,93,94,96,97,98,100,101,102,105,106,110,113,115,118,119,120,122,132,133,135,141,143,145,146,147,150,152,153,155,156,157,159,160,162,163,166,167,170
DESKTOP-ASQ3AP9,1,3,3.656878709793091,11966.311683845166,1,2,5,7,8,9,10,14,15,20,24,26,27,30,32,33,34,35,37,39,46,47,50,52,53,54,56,60,61,63,64,66,69,72,75,76,77,78,80,87,89,90,92,93,94,96,97,98,99,100,101,102,104,105,113,114,115,118,119,120,122,126,135,139,141,143,145,147,149,150,152,155,156,157,158,159,160,167,169,170
DESKTOP-ASQ3AP9,1,9,9.189947128295898,12386.749383239534,1,2,5,6,7,8,9,10,13,14,15,20,24,26,27,30,32,33,34,35,37,39,41,46,47,50,52,54,60,61,64,68,69,72,75,77,78,80,83,89,92,96,97,98,99,100,101,102,105,106,110,114,115,118,119,120,122,126,132,133,135,139,141,143,145,146,147,149,150,152,153,156,157,159,160,162,166,167,169,170
DESKTOP-ASQ3AP9,1,24,22.943992853164673,12433.654364870257,1,2,5,6,7,8,9,10,13,14,15,20,24,26,27,30,32,33,34,35,37,39,41,46,47,50,52,54,60,61,63,64,68,69,72,75,76,78,80,83,89,90,92,93,96,97,98,99,100,102,105,106,110,114,115,118,119,120,122,132,133,135,139,141,145,146,147,149,150,152,153,156,157,159,160,162,166,167,169,170
DESKTOP-ASQ3AP9,1,28,26.586315631866455,12580.805732638208,1,2,5,6,7,8,9,10,13,14,15,20,24,26,27,32,33,34,35,37,39,41,46,47,50,52,54,60,61,63,64,68,69,72,76,78,80,83,89,90,92,93,96,97,98,99,100,101,102,105,106,110,114,115,118,119,120,122,126,132,133,135,139,141,143,145,146,147,149,150,152,153,156,157,159,160,166,167,169,170
DESKTOP-ASQ3AP9,1,61,52.728195905685425,12608.650027834232,1,5,6,7,8,9,10,13,14,15,20,24,26,27,30,32,33,34,35,37,39,41,46,47,50,52,54,60,61,63,64,68,69,72,76,78,80,83,89,90,92,93,96,97,98,99,100,101,102,105,106,110,114,115,118,119,120,122,126,132,133,135,139,141,143,145,146,147,149,150,152,153,156,157,159,160,166,167,169,170
DESKTOP-ASQ3AP9,1,97,80.67530512809753,12736.180444320378,1,3,4,5,6,8,9,13,14,15,18,20,24,26,27,32,34,35,39,41,46,47,49,50,54,60,61,62,63,68,69,72,76,78,82,83,89,90,92,94,96,97,98,100,102,105,106,107,110,111,114,115,118,119,120,122,125,126,132,133,135,139,141,143,145,146,149,150,151,152,153,156,157,159,160,165,166,167,169,170
DESKTOP-ASQ3AP9,1,105,87.92737865447998,12837.797385158021,3,4,5,6,7,8,9,10,13,14,15,18,20,24,26,27,32,34,35,37,39,41,46,47,49,50,54,60,61,62,63,68,69,76,78,82,83,89,90,92,93,94,96,97,98,99,100,102,106,107,110,114,115,118,119,120,122,125,126,132,133,135,141,143,145,146,147,149,150,151,152,153,157,159,160,165,166,167,169,170
DESKTOP-ASQ3AP9,1,106,88.85000324249268,13204.954006622167,1,3,4,5,6,8,9,10,13,14,15,18,20,24,26,27,32,35,41,46,47,49,50,54,60,61,62,63,68,69,72,76,78,80,82,83,89,90,92,93,94,96,97,98,99,100,101,102,105,107,110,115,118,119,120,122,125,126,132,133,135,139,141,143,145,146,147,149,150,151,152,153,156,157,159,160,166,167,169,170
DESKTOP-ASQ3AP9,1,114,96.14843988418579,13230.413235487955,1,3,4,5,6,8,9,10,13,14,15,18,20,24,26,27,32,34,35,41,46,47,49,50,54,60,61,62,63,68,69,72,76,78,80,82,83,89,90,92,93,94,96,97,98,99,100,101,102,105,107,110,111,114,115,118,119,120,122,126,132,133,135,141,143,145,146,147,149,151,152,153,156,157,159,160,166,167,169,170
DESKTOP-ASQ3AP9,1,119,100.7122437953949,13249.819607953128,1,3,4,5,6,8,9,10,13,14,15,18,20,24,26,27,34,35,39,41,46,47,49,50,54,60,61,62,63,68,69,72,76,78,80,82,83,89,90,92,93,94,97,98,99,100,101,102,107,110,111,114,115,118,119,120,122,125,126,132,133,139,141,143,145,146,147,149,150,151,152,153,156,157,159,160,165,166,169,170
DESKTOP-ASQ3AP9,1,146,125.0488862991333,13305.449638281725,1,3,4,5,6,8,9,10,13,14,15,18,20,24,26,27,34,35,39,41,46,47,49,50,54,60,61,62,63,68,69,72,76,78,80,82,83,89,90,92,93,94,97,98,99,100,101,102,107,110,114,115,118,119,120,122,125,126,132,133,139,141,143,145,146,147,149,150,151,152,153,156,157,159,160,165,166,167,169,170
DESKTOP-ASQ3AP9,1,152,130.48820209503174,13375.990148437304,1,3,4,5,6,8,9,10,13,14,15,18,20,24,26,27,34,35,39,41,46,47,49,50,54,60,61,62,63,68,69,72,76,78,80,82,89,90,92,93,94,97,98,99,100,101,102,107,110,111,114,115,118,119,120,122,125,126,132,133,139,141,143,145,146,147,149,150,151,152,153,156,157,159,160,165,166,167,169,170
DESKTOP-ASQ3AP9,1,192,157.60502409934998,13380.999039841614,1,3,4,5,6,8,9,10,13,14,15,18,20,24,26,27,34,35,39,41,46,47,49,50,54,60,61,62,63,68,69,72,76,78,80,82,83,89,90,92,93,94,97,98,99,100,101,102,107,110,111,114,115,118,119,120,122,125,126,132,133,139,141,143,145,146,147,149,150,151,152,153,156,157,159,160,165,167,169,170
DESKTOP-ASQ3AP9,1,193,158.54299306869507,13381.012833406368,1,3,4,5,6,8,9,10,13,14,15,18,20,24,26,27,34,35,39,41,46,47,50,54,60,61,62,63,68,69,72,76,78,80,82,83,89,90,92,93,94,97,98,99,100,101,102,107,110,111,114,115,118,119,120,122,125,126,132,133,139,141,143,145,146,147,149,150,151,152,153,156,157,159,160,165,166,167,169,170
DESKTOP-ASQ3AP9,1,230,186.49481415748596,13577.08920237995,1,2,3,4,6,8,9,10,12,13,14,15,18,20,21,24,26,27,34,35,39,40,41,46,54,60,61,62,63,69,71,72,78,80,81,82,83,89,90,92,93,94,97,98,99,100,101,102,104,107,114,115,118,119,120,122,125,126,129,132,133,141,143,145,146,147,149,150,151,152,153,156,157,159,160,164,165,166,169,170
DESKTOP-ASQ3AP9,1,238,193.74729108810425,13710.068555838885,1,2,3,4,5,6,8,10,12,13,14,15,18,20,21,26,27,34,35,39,40,41,46,47,50,54,60,61,62,63,69,71,78,80,81,82,83,89,90,92,93,94,97,98,99,100,101,102,107,110,111,114,115,118,119,120,122,125,126,129,132,133,141,143,145,146,147,149,150,152,153,156,157,159,160,164,165,166,169,170
DESKTOP-ASQ3AP9,1,252,206.37738037109375,13783.5266277779,1,2,3,4,5,6,8,10,12,13,14,15,18,20,21,24,26,27,34,35,39,40,41,46,47,50,61,62,63,69,71,72,78,80,81,82,89,90,92,93,94,97,98,99,100,101,102,104,107,110,111,114,115,118,119,120,122,125,126,129,132,133,141,143,145,146,147,149,150,151,152,153,156,157,159,160,164,166,169,170
DESKTOP-ASQ3AP9,1,253,207.33060789108276,13797.7250286699,1,2,3,4,5,6,8,10,12,13,14,15,18,20,21,24,26,27,34,35,39,40,41,46,47,50,54,60,61,62,63,69,71,72,78,80,81,82,83,89,90,92,93,94,97,98,100,101,102,107,110,111,115,118,119,120,122,125,126,129,132,133,141,143,145,146,147,149,151,152,153,156,157,159,160,164,165,166,169,170
DESKTOP-ASQ3AP9,1,267,220.00788521766663,13837.03525268933,1,2,3,4,5,6,8,10,12,13,14,15,18,20,21,24,26,27,34,35,39,40,41,46,47,50,54,61,62,63,69,71,72,78,80,81,82,83,89,90,92,93,94,97,98,99,100,101,102,107,110,111,115,118,119,120,122,126,129,132,133,141,143,145,146,147,149,150,151,152,153,156,157,159,160,164,165,166,169,170
DESKTOP-ASQ3AP9,1,273,225.43205523490906,13870.610821342792,1,2,3,4,5,6,8,10,12,13,14,15,18,20,21,24,26,27,34,35,39,40,41,46,47,50,54,60,61,62,63,69,71,72,78,80,81,82,83,89,90,92,93,94,97,98,99,100,101,102,107,111,115,118,119,120,122,126,129,132,133,141,143,145,146,147,149,150,151,152,153,156,157,159,160,164,165,166,169,170
DESKTOP-ASQ3AP9,1,276,228.18358540534973,13877.309142583435,1,3,4,5,6,8,10,12,13,14,15,18,20,21,24,26,27,34,35,39,41,46,47,50,54,60,61,62,63,69,71,72,78,80,81,82,83,89,90,92,93,94,97,98,99,100,101,102,107,110,111,115,118,119,120,122,125,126,129,132,133,141,143,145,146,147,149,150,151,152,153,156,157,159,160,164,165,166,169,170
DESKTOP-ASQ3AP9,1,298,247.98592376708984,13937.925384671667,1,3,4,5,6,8,10,12,13,14,15,18,20,21,24,26,27,34,35,39,40,41,46,47,50,54,60,61,62,63,69,71,72,78,80,81,82,83,89,90,92,93,94,97,98,99,100,101,102,107,110,111,115,118,119,120,122,125,126,129,132,133,141,143,145,146,147,149,150,151,152,153,156,157,159,160,165,166,169,170
DESKTOP-ASQ3AP9,1,308,257.05197525024414,13953.386953782687,1,3,4,5,6,8,10,12,13,14,15,18,20,21,24,26,27,34,35,39,40,41,46,47,50,54,60,61,62,63,69,71,72,78,80,81,82,83,89,90,92,93,94,97,98,99,100,101,102,107,110,111,115,118,119,120,122,125,126,129,132,133,141,143,145,146,147,149,150,151,152,153,156,157,159,160,164,166,169,170
DESKTOP-ASQ3AP9,1,310,258.8965563774109,13958.462996427132,1,3,4,5,6,8,10,12,13,14,15,18,20,21,24,26,27,34,39,40,41,46,47,50,54,60,61,62,63,69,71,72,78,80,81,82,83,89,90,92,93,94,97,98,99,100,101,102,107,110,111,115,118,119,120,122,125,126,129,132,133,141,143,145,146,147,149,150,151,152,153,156,157,159,160,164,165,166,169,170
DESKTOP-ASQ3AP9,1,342,286.12101578712463,14195.273274527975,1,3,4,5,6,8,10,12,13,15,16,18,20,21,26,27,39,40,41,46,47,50,54,60,61,62,63,67,69,71,72,78,80,81,82,83,89,90,92,93,94,97,98,99,100,101,102,107,110,111,115,118,119,120,122,125,126,129,132,133,138,141,143,145,146,147,149,150,151,152,153,156,157,159,160,164,165,166,169,170
DESKTOP-ASQ3AP9,1,345,288.8725838661194,14346.306434066417,1,3,4,5,6,8,10,12,13,14,15,16,18,20,21,24,26,27,34,39,40,41,46,47,50,54,60,61,62,63,67,69,71,72,78,80,81,82,83,89,90,92,93,94,97,98,99,100,101,102,107,110,111,118,119,120,122,125,126,129,132,133,138,141,143,145,146,149,150,151,152,153,156,157,159,160,164,165,169,170
DESKTOP-ASQ3AP9,1,350,293.4208905696869,14361.23457361897,1,3,4,5,6,8,10,12,13,14,15,16,18,20,21,24,26,27,34,39,40,41,46,50,54,60,61,62,63,69,71,72,78,80,81,82,83,89,90,92,93,94,97,98,99,100,101,102,107,110,111,115,118,119,120,122,125,126,129,132,133,138,141,143,145,146,147,149,150,151,152,153,156,157,159,160,164,165,169,170
DESKTOP-ASQ3AP9,1,359,301.5643618106842,14415.572836746454,1,3,4,5,6,8,10,12,13,14,15,16,18,20,21,24,26,27,34,39,40,41,46,47,50,54,60,61,62,63,69,71,72,78,80,81,82,83,89,90,92,93,94,97,98,99,100,101,102,107,110,111,115,119,120,122,125,126,129,132,138,141,143,145,146,147,149,150,151,152,153,156,157,159,160,164,165,166,169,170
DESKTOP-ASQ3AP9,1,415,343.03238344192505,14586.7512840498,1,3,4,5,6,8,10,12,13,14,15,16,18,20,24,26,27,34,39,40,41,43,46,47,50,54,55,60,61,62,63,69,71,72,78,80,81,82,87,89,90,92,93,94,97,98,99,100,101,102,110,111,119,120,122,125,126,129,132,138,141,143,145,146,147,149,150,151,152,153,156,157,159,160,164,165,166,167,169,170
DESKTOP-ASQ3AP9,1,429,355.6932876110077,14653.171043264323,1,3,4,5,6,8,10,12,13,14,15,16,18,21,24,26,27,34,40,41,43,46,47,50,54,55,60,61,62,63,69,71,72,78,80,81,82,87,89,90,92,93,94,97,98,99,100,101,102,107,110,111,119,120,122,125,126,129,132,138,141,143,145,146,147,149,150,151,152,153,156,157,159,160,164,165,166,167,169,170
DESKTOP-ASQ3AP9,1,435,361.179988861084,14730.21118431571,1,3,4,5,6,8,10,12,13,14,15,16,18,20,21,24,26,27,34,39,40,41,43,46,47,50,54,55,60,61,62,63,69,71,72,78,80,81,82,87,89,90,92,93,94,97,98,99,100,101,102,107,110,111,119,120,122,125,126,129,132,138,141,143,145,146,147,149,150,152,153,156,157,159,160,164,165,167,169,170
DESKTOP-ASQ3AP9,1,447,372.10553193092346,14754.51794529134,1,3,4,5,6,8,10,12,13,14,15,16,18,20,21,24,26,27,34,39,40,41,43,46,47,50,54,55,60,61,62,63,69,71,72,78,80,81,82,87,89,90,92,93,94,97,98,99,100,101,102,107,111,119,120,122,125,126,129,132,138,141,143,145,146,147,149,150,151,152,153,156,157,159,160,164,165,167,169,170
DESKTOP-ASQ3AP9,1,458,382.06235575675964,14762.047484043278,1,3,4,5,6,8,10,12,14,15,16,18,20,21,24,26,27,34,39,40,41,43,46,47,50,54,55,60,61,62,63,69,71,72,78,80,81,82,87,89,90,92,93,94,97,98,99,100,101,102,107,110,111,119,120,122,125,126,129,132,138,141,143,145,146,147,149,150,151,152,153,156,157,159,160,164,165,167,169,170
DESKTOP-ASQ3AP9,1,462,385.7045941352844,14779.465348244124,1,3,4,5,6,8,10,12,13,14,16,18,20,21,24,26,27,34,39,40,41,43,46,47,50,54,55,60,61,62,63,69,71,72,78,80,81,82,87,89,90,92,93,94,97,98,99,100,101,102,107,110,111,119,120,122,125,126,129,132,138,141,143,145,146,147,149,150,151,152,153,156,157,159,160,164,165,167,169,170
DESKTOP-ASQ3AP9,1,480,401.1792232990265,14826.114042579802,1,3,4,5,6,8,10,12,13,14,15,16,18,20,21,24,26,27,34,39,40,41,46,47,50,54,55,60,61,62,63,69,71,72,78,80,81,82,87,89,90,92,93,94,97,98,99,100,101,102,107,110,111,119,120,122,125,126,129,132,138,141,143,145,146,147,149,150,151,152,153,156,157,159,160,164,165,167,169,170
DESKTOP-ASQ3AP9,1,544,442.78850507736206,14927.959208808927,1,3,4,5,6,8,10,12,13,14,15,16,18,20,21,24,26,27,34,39,40,41,46,47,50,54,55,60,62,63,69,71,72,78,80,81,82,87,89,90,92,93,94,97,98,99,100,101,102,107,110,111,119,120,122,125,126,128,129,132,136,138,141,143,145,146,147,150,151,152,153,156,157,159,160,164,165,167,169,170
DESKTOP-ASQ3AP9,1,547,445.5548634529114,14997.990880588826,1,3,4,5,6,8,10,12,13,14,15,16,18,20,21,24,26,27,34,39,40,41,46,47,50,54,55,60,61,62,63,69,71,72,78,80,81,82,87,89,90,92,93,94,97,98,99,100,101,102,107,110,111,119,120,122,125,126,128,129,132,136,138,141,143,145,147,149,151,152,153,156,157,159,160,164,165,167,169,170
DESKTOP-ASQ3AP9,1,550,448.30555844306946,15056.529579272741,1,3,4,5,6,8,10,12,13,14,15,16,18,20,21,24,26,27,34,39,40,41,47,50,54,55,60,61,62,63,69,71,72,78,80,81,82,87,89,90,92,93,94,97,98,99,100,101,102,107,110,111,119,120,122,125,126,128,129,132,136,138,141,143,145,146,147,149,150,151,152,153,156,157,159,160,164,167,169,170
DESKTOP-ASQ3AP9,1,576,470.92153334617615,15079.260346926558,1,3,4,5,6,8,10,12,13,14,15,16,18,20,21,24,26,27,34,39,40,41,46,47,50,54,55,60,61,62,63,69,71,72,78,80,81,82,87,89,90,92,93,94,97,98,99,100,101,102,107,110,111,119,120,122,125,126,128,129,132,136,138,141,143,145,146,147,149,150,151,152,153,156,159,160,164,167,169,170
DESKTOP-ASQ3AP9,1,579,473.6722891330719,15105.965151368615,1,3,4,5,6,8,10,12,13,14,15,16,18,20,21,24,26,27,34,39,40,41,46,47,50,54,55,60,61,62,63,69,71,72,78,80,81,82,87,89,90,92,93,94,97,98,99,100,101,102,107,110,111,119,120,122,125,126,128,129,132,136,138,141,143,145,146,149,150,151,152,153,156,157,159,160,164,167,169,170
DESKTOP-ASQ3AP9,1,600,489.896244764328,15137.481582977754,1,3,4,5,6,8,10,12,13,14,15,16,18,20,21,26,27,34,39,40,41,46,47,50,54,55,60,61,62,63,69,71,72,78,80,81,82,87,89,90,92,93,94,97,98,99,100,101,102,107,110,111,119,120,122,125,126,128,129,132,136,138,141,143,145,146,147,149,150,151,152,153,156,157,159,160,164,167,169,170
DESKTOP-ASQ3AP9,1,612,498.0235962867737,15143.803040098372,1,3,4,5,6,8,10,12,13,14,15,16,18,20,21,24,26,27,34,39,40,41,46,47,50,54,55,60,61,62,63,69,71,72,78,80,81,82,87,89,90,92,93,94,97,98,99,100,101,102,107,110,111,119,120,122,125,126,128,129,132,136,138,141,143,145,146,147,149,150,151,152,153,156,157,159,160,167,169,170
DESKTOP-ASQ3AP9,1,623,507.0553529262543,15158.864951779275,1,3,4,5,6,8,10,12,13,14,15,16,18,20,21,24,26,27,39,40,41,46,47,50,54,55,60,61,62,63,69,71,72,78,80,81,82,87,89,90,92,93,94,97,98,99,100,101,102,107,110,111,119,120,122,125,126,128,129,132,136,138,141,143,145,146,147,149,150,151,152,153,156,157,159,160,164,167,169,170
DESKTOP-ASQ3AP9,1,690,542.2701575756073,15164.214621260968,1,3,4,5,6,8,9,10,12,13,15,16,18,20,21,24,26,27,36,40,41,46,47,50,52,55,57,60,61,62,63,64,67,69,71,72,78,80,81,82,87,89,90,92,93,94,97,98,99,100,102,107,110,111,119,120,122,124,125,128,129,132,136,138,141,143,145,146,147,150,151,152,153,156,157,159,164,167,169,170
DESKTOP-ASQ3AP9,1,693,545.0057785511017,15250.04037043646,1,3,4,5,6,8,9,10,12,13,15,16,18,20,21,24,26,36,39,40,41,46,47,50,52,54,55,57,61,62,63,64,67,69,71,72,78,80,81,82,89,90,93,97,98,99,100,101,102,107,110,111,119,120,122,124,125,126,128,129,132,136,138,141,143,145,146,149,150,151,152,153,156,157,159,160,164,167,169,170
DESKTOP-ASQ3AP9,1,694,545.9434235095978,15423.384730528076,1,3,4,5,6,9,10,13,14,15,16,18,20,21,24,26,39,40,41,46,47,50,52,54,55,57,60,61,62,63,64,67,69,71,72,78,80,81,82,87,89,90,92,93,94,97,98,99,100,101,102,107,119,120,122,124,125,128,129,132,136,138,141,143,145,146,147,149,150,151,152,153,156,157,159,160,164,167,169,170
DESKTOP-ASQ3AP9,1,703,554.1024630069733,15574.918707468354,1,3,4,5,6,8,9,10,12,13,14,16,18,20,21,24,26,27,36,40,41,46,50,52,55,57,60,61,62,63,64,67,69,71,72,78,81,82,87,89,90,92,93,94,97,98,99,100,101,102,107,110,119,120,122,124,125,128,129,132,136,138,141,143,145,146,147,149,150,151,152,153,156,157,159,160,164,167,169,170
DESKTOP-ASQ3AP9,1,717,566.7320816516876,15602.086248343661,1,3,4,5,6,8,9,10,12,13,14,15,16,18,20,21,24,26,27,39,40,41,46,50,52,54,55,57,60,61,62,63,69,71,72,78,80,81,82,87,89,90,92,94,97,98,99,100,101,102,107,110,119,120,122,124,125,128,129,132,136,138,141,143,145,146,147,149,150,151,152,153,156,157,159,160,164,167,169,170
DESKTOP-ASQ3AP9,1,744,589.4274129867554,15608.739355004482,1,3,4,5,6,8,9,10,12,13,14,15,16,18,20,24,26,27,39,40,41,46,50,52,54,55,57,60,61,62,63,64,67,69,71,72,78,80,81,82,87,89,90,92,94,97,98,99,100,101,102,107,110,119,120,122,124,125,128,129,132,136,138,141,143,145,146,147,149,150,151,152,153,156,157,159,160,167,169,170
DESKTOP-ASQ3AP9,1,748,593.0534479618073,15620.288683846307,1,3,4,5,6,8,9,10,12,13,14,15,16,18,20,21,24,26,27,39,40,41,50,52,54,55,57,60,61,62,63,64,67,69,71,72,78,80,81,82,87,89,90,92,94,97,98,99,100,101,102,107,110,119,120,122,124,128,129,132,136,138,141,143,145,146,147,149,150,151,152,153,156,157,159,160,164,167,169,170
DESKTOP-ASQ3AP9,1,770,612.8574507236481,15649.334968718298,1,3,4,5,6,8,9,10,12,13,14,15,16,18,20,21,24,26,27,39,41,46,50,52,54,55,57,60,61,62,63,64,67,69,71,72,78,80,81,82,87,89,90,92,94,97,98,99,100,101,102,107,110,119,120,122,124,128,129,132,136,138,141,143,145,146,147,149,150,151,152,153,156,157,159,160,164,167,169,170
DESKTOP-ASQ3AP9,1,790,629.9568195343018,15649.752406523525,1,3,4,5,6,8,9,10,12,13,14,15,18,20,21,24,26,27,39,40,41,46,50,52,54,55,57,60,61,62,63,64,67,69,71,72,78,80,81,82,87,89,90,92,94,97,98,99,100,101,102,107,110,119,120,122,124,128,129,132,136,138,141,143,145,146,147,149,150,151,152,153,156,157,159,160,164,167,169,170
DESKTOP-ASQ3AP9,1,791,630.8948554992676,15703.105973574942,1,3,4,5,6,8,9,10,12,13,14,15,16,18,20,21,26,27,39,40,41,46,50,52,54,55,57,60,61,62,63,64,67,69,71,72,78,80,81,82,87,89,90,92,94,97,98,99,100,101,102,107,110,119,120,122,124,128,129,132,136,138,141,143,145,146,147,149,150,151,152,153,156,157,159,160,164,167,169,170
DESKTOP-ASQ3AP9,1,819,651.667516708374,15703.731862328506,1,3,4,5,6,8,9,10,12,13,14,15,16,18,20,21,24,26,27,39,40,41,46,50,52,54,55,57,60,61,62,63,64,67,69,71,72,78,80,81,82,87,89,90,92,94,97,98,99,100,101,102,107,119,120,122,124,128,129,132,136,138,141,143,145,146,147,149,150,151,152,153,156,157,159,160,164,167,169,170
DESKTOP-ASQ3AP9,1,856,681.3493282794952,15828.475151479215,1,3,4,5,6,8,9,10,12,13,14,15,16,18,20,21,24,26,27,39,40,41,46,50,52,54,55,57,60,61,62,63,64,67,69,71,72,78,80,81,82,87,89,90,92,94,97,98,99,100,101,102,103,107,119,120,122,124,128,129,132,136,138,141,143,145,146,147,149,150,151,152,153,156,157,159,160,164,169,170
DESKTOP-ASQ3AP9,1,857,682.2869431972504,15918.852720796287,1,3,4,5,6,8,9,10,12,13,14,15,16,18,20,21,24,26,27,39,40,46,50,52,54,55,57,60,61,62,63,64,67,69,71,72,78,80,81,82,87,89,90,92,94,97,98,99,100,101,102,103,107,119,120,122,124,127,128,129,132,136,138,141,143,145,146,147,149,150,151,152,153,156,157,159,160,164,167,169
DESKTOP-ASQ3AP9,1,863,687.7136797904968,15966.462299891115,1,3,4,5,6,8,9,10,12,14,15,16,18,20,21,24,26,27,39,40,46,50,52,54,55,57,60,61,62,63,64,67,69,71,72,78,80,81,82,87,89,90,92,94,97,98,99,100,101,102,103,107,119,120,122,124,127,128,129,132,136,138,141,143,145,146,147,149,150,151,152,153,156,157,159,160,164,167,169,170
DESKTOP-ASQ3AP9,1,874,697.6551463603973,15979.34108111062,1,3,4,5,6,8,9,10,12,13,14,15,16,18,20,21,24,26,27,39,40,46,50,52,54,55,57,60,61,62,63,64,67,69,71,72,78,80,81,82,87,89,90,92,94,97,98,99,100,101,102,103,107,119,120,122,124,127,128,129,132,136,138,141,143,145,146,147,149,151,152,153,156,157,159,160,164,167,169,170
DESKTOP-ASQ3AP9,1,903,716.5682365894318,15982.572594179395,1,3,4,5,6,8,9,10,12,13,14,15,16,18,20,21,24,26,27,39,40,46,50,52,54,55,57,60,61,62,63,64,67,69,71,72,78,81,82,87,89,90,92,94,97,98,99,100,101,102,103,107,119,120,122,124,127,128,129,132,136,138,141,143,145,146,147,149,150,151,152,153,156,157,159,160,164,167,169,170
DESKTOP-ASQ3AP9,1,914,725.7105133533478,16056.872290984764,1,3,4,5,6,8,9,10,12,13,14,15,16,18,20,21,24,26,27,39,40,46,50,52,54,55,57,60,61,62,63,64,69,71,72,78,80,81,82,87,89,90,92,94,97,98,99,100,101,102,103,107,119,120,122,124,127,128,129,132,136,138,141,143,145,146,147,149,150,151,152,153,156,157,159,160,164,167,169,170
DESKTOP-ASQ3AP9,1,1046,809.3189151287079,16134.616074077254,1,3,4,5,6,8,9,10,12,13,14,15,16,18,20,21,26,27,39,40,46,50,52,54,55,57,60,61,62,63,64,69,71,72,78,80,81,82,87,89,90,92,94,97,98,99,100,101,103,107,119,120,121,122,124,127,128,129,132,136,138,141,143,145,146,147,149,150,151,152,153,156,157,159,160,161,164,167,169,170
DESKTOP-ASQ3AP9,1,1066,826.4482650756836,16187.584830925804,1,3,4,5,6,8,9,10,12,13,14,15,16,18,20,24,26,27,40,46,50,52,54,55,57,60,61,62,63,64,69,71,72,78,80,81,82,87,89,90,92,94,97,98,99,100,101,102,103,107,119,120,121,122,124,127,128,129,132,136,138,141,143,145,146,147,149,150,151,152,153,156,157,159,160,161,164,167,169,170
DESKTOP-ASQ3AP9,1,1196,907.3121581077576,16208.33742367844,1,3,4,5,6,8,9,10,12,14,15,16,18,20,24,26,27,40,46,50,52,54,55,56,57,60,61,62,63,64,69,71,72,78,80,81,82,87,89,90,92,94,97,98,99,100,101,102,103,107,119,120,121,122,124,127,128,129,132,136,138,141,143,145,146,147,149,150,151,152,153,156,157,159,160,161,164,167,169,170
DESKTOP-ASQ3AP9,1,1199,910.0629703998566,16208.87854233025,1,3,4,5,6,8,9,10,12,13,14,15,18,20,24,26,27,40,46,50,52,54,55,56,57,60,61,62,63,64,69,71,72,78,80,81,82,87,89,90,92,94,97,98,99,100,101,102,103,107,119,120,121,122,124,127,128,129,132,136,138,141,143,145,146,147,149,150,151,152,153,156,157,159,160,161,164,167,169,170
DESKTOP-ASQ3AP9,1,1223,930.7431373596191,16236.151679150205,1,3,4,5,6,8,9,10,12,13,14,15,18,20,23,24,26,27,40,46,50,52,54,55,56,57,60,61,62,63,64,69,71,72,78,80,81,82,87,89,90,92,94,97,98,99,100,101,103,107,119,120,121,122,124,127,128,129,132,136,138,141,143,145,146,147,149,150,151,152,153,156,157,159,160,161,164,167,169,170
DESKTOP-ASQ3AP9,1,1226,933.4780604839325,16249.134259553395,1,3,4,5,6,8,9,10,12,13,14,15,18,20,23,24,26,27,40,46,50,52,54,55,56,57,60,61,62,63,64,69,71,72,78,80,81,82,87,89,90,92,94,97,98,99,100,101,102,103,107,119,120,121,122,124,127,128,129,132,136,138,141,143,145,147,149,150,151,152,153,156,157,159,160,161,164,167,169,170
DESKTOP-ASQ3AP9,1,1232,938.9001774787903,16284.784051479668,1,3,4,5,6,8,9,10,12,13,14,15,18,20,23,24,26,27,40,46,50,52,54,55,56,57,60,61,62,63,64,69,71,72,78,81,82,87,89,90,92,94,97,98,99,100,101,102,103,107,119,120,121,122,124,127,128,129,132,136,138,141,143,145,146,147,149,150,151,152,153,156,157,159,160,161,164,167,169,170
DESKTOP-ASQ3AP9,1,1237,943.4639148712158,16337.802586334921,1,3,4,5,6,8,9,10,12,13,14,15,18,20,23,24,26,27,40,46,50,52,54,55,56,57,60,61,62,63,64,69,71,72,78,80,81,82,87,89,90,92,94,97,98,99,100,101,102,103,107,119,120,121,122,124,127,128,129,132,136,138,141,143,145,146,147,149,150,151,152,153,156,157,159,160,161,167,169,170
DESKTOP-ASQ3AP9,1,1290,986.6336641311646,16352.890631359738,1,3,4,5,6,8,9,10,12,13,14,15,18,20,22,23,24,27,40,46,50,52,54,55,56,57,60,61,62,63,64,69,71,72,78,80,81,82,87,89,90,92,94,97,98,99,100,101,102,103,107,119,120,121,122,124,127,128,129,132,136,138,141,143,145,146,147,149,150,151,152,153,156,157,159,160,161,167,169,170
DESKTOP-ASQ3AP9,1,1333,1022.5838949680328,16365.570881238344,1,3,4,5,6,8,9,10,12,13,14,15,18,20,22,23,24,27,40,46,50,52,54,55,56,57,60,61,62,63,64,69,71,72,78,80,81,82,87,89,90,92,94,97,98,100,101,102,103,106,107,119,120,121,122,124,127,128,129,132,136,138,141,143,145,146,147,149,150,151,152,153,156,157,159,160,161,167,169,170
DESKTOP-ASQ3AP9,1,1341,1029.8353397846222,16415.902677075042,1,3,4,5,6,8,9,10,12,13,14,15,18,20,22,23,27,40,46,50,52,54,55,56,57,60,61,62,63,64,69,71,72,78,80,81,82,87,89,90,92,94,97,98,99,100,101,102,103,106,107,119,120,121,122,124,127,128,129,132,136,138,141,143,145,146,147,149,150,151,152,153,156,157,159,160,161,167,169,170
DESKTOP-ASQ3AP9,1,1458,1095.5271701812744,16459.58450955405,1,3,4,5,6,8,9,10,12,13,14,15,18,20,22,23,27,40,46,50,52,54,55,56,57,60,61,62,63,64,69,71,72,78,80,81,82,89,90,92,94,97,98,99,100,101,102,103,106,107,119,120,121,122,124,127,128,129,132,136,138,141,143,145,146,147,148,149,150,151,152,153,156,157,159,160,161,167,169,170
DESKTOP-ASQ3AP9,1,1459,1096.4647471904755,16486.73853697579,1,3,4,5,6,8,9,10,12,13,14,15,18,20,22,23,27,40,46,50,52,54,55,56,57,60,61,62,63,64,69,71,72,78,80,81,82,87,89,90,92,94,97,98,99,100,101,103,106,107,119,120,121,122,124,127,128,129,132,136,138,141,143,145,146,147,148,149,150,151,152,153,156,157,159,160,161,167,169,170
DESKTOP-ASQ3AP9,1,1470,1105.4686181545258,16511.060937114737,1,3,4,5,6,8,9,10,12,13,14,15,18,20,22,23,27,40,46,50,52,54,55,56,60,61,62,63,64,69,71,72,78,80,81,82,87,89,90,92,94,97,98,99,100,101,102,103,106,107,119,120,121,122,124,127,128,129,132,136,138,141,143,145,146,147,148,149,150,151,152,153,156,157,159,160,161,167,169,170
DESKTOP-ASQ3AP9,1,1494,1126.1479156017303,16519.98446314647,1,3,4,5,6,8,9,10,12,13,14,15,18,20,22,23,27,40,46,50,52,54,55,56,57,60,61,62,63,64,69,71,72,78,80,81,82,87,89,90,92,94,97,98,99,100,101,102,103,106,107,119,120,121,122,124,127,128,129,132,136,138,141,143,145,146,147,148,149,150,151,152,153,156,159,160,161,167,169,170
DESKTOP-ASQ3AP9,1,1499,1130.6807324886322,16548.43410253974,1,3,4,5,6,8,9,10,12,13,14,15,18,20,22,23,40,46,50,52,54,55,56,57,60,61,62,63,64,69,71,72,78,80,81,82,87,89,90,92,94,97,98,99,100,101,102,103,106,107,119,120,121,122,124,127,128,129,132,136,138,141,143,145,146,147,148,149,150,151,152,153,156,157,159,160,161,167,169,170
DESKTOP-ASQ3AP9,1,1558,1173.8045854568481,16559.12962615352,1,3,4,5,6,8,9,10,12,13,14,15,18,20,22,23,40,46,50,52,54,55,56,60,61,62,63,64,69,71,72,78,80,81,82,87,89,90,92,94,97,98,99,100,101,102,103,106,107,119,120,121,122,123,124,127,128,129,132,136,138,141,143,145,146,147,148,149,150,151,152,153,156,157,159,160,161,167,169,170
DESKTOP-ASQ3AP9,1,1568,1182.821891784668,16606.524783371835,1,3,4,5,6,8,9,10,12,13,14,15,18,20,22,23,40,46,50,52,54,55,56,57,60,61,62,63,64,69,71,72,78,80,81,82,87,89,90,92,94,97,98,99,100,101,102,103,106,107,119,120,122,123,124,127,128,129,132,136,138,141,143,145,146,147,148,149,150,151,152,153,156,157,159,160,161,167,169,170
DESKTOP-ASQ3AP9,1,1624,1225.0088369846344,16694.615322124737,1,3,4,5,6,8,9,10,11,12,13,14,15,18,19,20,22,23,40,46,50,52,54,56,57,60,61,62,63,64,69,71,72,80,81,82,87,89,90,92,94,97,98,99,100,101,102,103,106,107,119,120,122,123,124,127,128,129,132,136,138,141,143,145,146,147,148,149,150,151,152,153,156,157,159,160,161,167,169,170
DESKTOP-ASQ3AP9,1,1626,1226.8532309532166,16742.173839268773,1,3,4,5,6,8,9,10,11,12,13,14,15,18,19,20,22,23,40,46,50,52,54,55,57,60,61,62,63,64,69,71,72,78,80,81,82,87,89,90,92,94,97,98,99,100,101,102,103,106,107,119,120,122,123,124,127,128,129,132,136,138,141,143,145,146,147,148,149,150,151,152,153,156,157,159,160,161,167,169
DESKTOP-ASQ3AP9,1,1631,1231.3859050273895,16780.04525660313,1,3,4,5,6,8,9,10,11,12,13,14,15,18,19,20,22,23,46,50,52,54,55,56,57,60,61,62,63,64,69,71,72,78,80,81,82,87,89,90,92,94,97,98,99,100,102,103,106,107,119,120,122,123,124,127,128,129,132,136,138,141,143,145,146,147,148,149,150,151,152,153,156,157,159,160,161,167,169,170
DESKTOP-ASQ3AP9,1,1650,1247.5826654434204,16797.13881842714,1,3,4,5,6,8,9,10,11,12,13,14,18,19,20,22,23,40,46,50,52,54,55,56,57,60,61,62,63,64,69,71,72,78,80,81,82,87,89,90,92,94,97,98,99,100,101,102,103,106,107,119,120,122,123,124,127,128,129,132,136,138,141,143,145,146,148,149,150,151,152,153,156,157,159,160,161,167,169,170
DESKTOP-ASQ3AP9,1,1669,1264.6353278160095,16843.97596163086,1,3,4,5,6,8,9,10,11,12,13,14,15,18,19,20,22,23,40,46,50,52,54,55,56,57,60,61,62,63,64,69,71,72,78,80,81,82,87,89,90,92,94,97,98,99,100,101,102,103,106,107,119,120,122,123,124,127,128,129,132,136,138,141,143,145,146,148,149,151,152,153,156,157,159,160,161,167,169,170
DESKTOP-ASQ3AP9,1,1928,1417.9760015010834,16858.48390746219,1,3,4,5,6,8,9,10,11,12,13,14,15,18,19,20,23,40,46,50,52,54,55,56,57,60,61,62,63,64,69,71,72,78,79,80,81,82,87,89,90,92,94,97,98,99,100,101,102,103,106,107,119,120,122,123,124,127,128,129,132,136,138,141,143,145,146,148,149,151,152,153,156,157,159,160,161,167,169,170
DESKTOP-ASQ3AP9,1,1931,1420.7269442081451,16860.21048826781,1,3,4,5,6,8,9,10,11,12,13,14,15,18,19,20,22,23,40,46,50,52,54,55,56,57,60,61,62,63,64,69,71,72,78,79,81,82,87,89,90,92,94,97,98,99,100,101,102,103,106,107,119,120,122,123,124,127,128,129,132,136,138,141,143,145,146,148,149,151,152,153,156,157,159,160,161,167,169,170
DESKTOP-ASQ3AP9,1,1932,1421.6493000984192,16876.421645475697,1,3,4,5,6,8,9,10,11,12,13,14,15,18,19,20,22,23,40,46,50,52,54,55,56,57,60,61,62,63,64,69,71,72,78,79,80,81,82,87,89,90,92,94,97,98,99,100,101,103,106,107,119,120,122,123,124,127,128,129,132,136,138,141,143,145,146,148,149,151,152,153,156,157,159,160,161,167,169,170
DESKTOP-ASQ3AP9,1,2036,1486.2652719020844,16927.13094239744,1,3,4,5,6,8,9,10,11,12,13,14,15,17,18,19,20,22,23,40,46,50,52,54,55,56,57,60,61,62,63,64,69,71,72,78,79,80,81,87,89,90,92,94,97,98,99,100,101,103,106,107,119,120,122,123,124,127,128,129,132,136,138,141,143,145,146,148,149,151,152,153,156,157,159,160,161,167,169,170
DESKTOP-ASQ3AP9,1,2037,1487.2034983634949,16941.708882876563,1,3,4,5,6,8,9,10,11,12,13,14,15,17,18,19,20,22,23,40,46,50,52,54,55,56,57,60,61,62,63,64,69,71,72,78,79,80,81,82,87,89,90,92,94,97,98,99,100,101,103,106,107,120,122,123,124,127,128,129,132,136,138,141,143,145,146,148,149,151,152,153,156,157,159,160,161,167,169,170
DESKTOP-ASQ3AP9,1,2038,1488.1723864078522,16973.029674216057,1,3,4,5,6,8,9,10,11,12,13,14,15,17,18,19,20,22,23,40,46,50,52,54,55,57,60,61,62,63,64,69,71,72,78,79,80,81,82,87,89,90,92,94,97,98,99,100,101,103,106,107,119,120,122,123,124,127,128,129,132,136,138,141,143,145,146,148,149,151,152,153,156,157,159,160,161,167,169,170
DESKTOP-ASQ3AP9,1,2055,1503.4277155399323,16988.618075474944,1,3,4,5,6,8,9,10,11,12,14,15,17,18,19,20,22,23,40,46,50,52,54,55,56,57,60,61,62,63,64,69,71,72,78,79,80,81,82,87,89,90,92,94,97,98,99,100,101,103,106,107,119,120,122,123,124,127,128,129,132,136,138,141,143,145,146,148,149,151,152,153,156,157,159,160,161,167,169,170
DESKTOP-ASQ3AP9,1,2058,1506.1630218029022,16989.358637356345,1,3,4,5,6,8,9,10,11,12,13,14,15,17,18,19,20,22,23,40,46,50,52,54,55,56,57,60,61,62,63,64,69,72,78,79,80,81,82,87,89,90,92,94,97,98,99,100,101,103,106,107,119,120,122,123,124,127,128,129,132,136,138,141,143,145,146,148,149,151,152,153,156,157,159,160,161,167,169,170
DESKTOP-ASQ3AP9,1,2086,1528.592603445053,16991.121574221554,1,3,4,5,6,8,9,10,11,12,13,14,15,17,18,19,20,22,23,46,50,52,54,55,56,57,60,61,62,63,64,69,71,72,78,79,80,81,82,87,89,90,92,94,97,98,99,100,101,103,106,107,119,120,122,123,124,127,128,129,132,136,138,141,143,145,146,148,149,151,152,153,156,157,159,160,161,167,169,170
DESKTOP-ASQ3AP9,1,2094,1535.814210176468,17004.187831506282,1,3,4,5,6,8,9,10,11,12,13,14,15,17,18,19,20,22,23,40,46,50,52,54,55,56,57,60,61,62,63,64,69,71,72,78,79,81,82,87,89,90,92,94,97,98,99,100,101,103,106,107,119,120,122,123,124,127,128,129,132,136,138,141,143,145,146,148,149,151,152,153,156,157,159,160,161,167,169,170
DESKTOP-ASQ3AP9,1,2175,1596.89777135849,17059.227399575448,1,3,4,5,6,8,9,10,11,12,13,14,17,18,19,20,22,23,40,46,50,52,54,55,56,57,60,61,62,63,64,69,71,72,78,79,80,81,82,87,89,90,92,97,98,99,100,101,103,106,107,108,119,120,122,123,124,127,128,129,132,136,138,141,143,145,146,148,149,151,152,153,156,157,159,160,161,167,169,170
DESKTOP-ASQ3AP9,1,2183,1604.1500251293182,17092.822184786983,1,3,4,5,6,8,9,10,11,12,14,15,17,18,19,20,22,23,40,46,50,52,54,55,56,60,61,62,63,64,69,71,72,78,79,80,81,82,87,89,90,92,94,97,98,99,100,101,103,106,107,108,119,120,122,123,124,127,128,129,132,136,138,141,143,145,146,148,149,151,152,153,156,157,159,160,161,167,169,170
DESKTOP-ASQ3AP9,1,2204,1621.2810561656952,17106.452478862673,1,3,4,5,6,8,9,10,11,12,14,15,17,18,19,20,23,40,46,50,52,54,55,56,57,60,61,62,63,64,69,71,72,78,79,80,81,82,87,89,90,92,94,97,98,99,100,101,103,106,107,108,119,120,122,123,124,127,128,129,132,136,138,141,143,145,146,148,149,151,152,153,156,157,159,160,161,167,169,170
DESKTOP-ASQ3AP9,1,2547,1840.1212034225464,17127.10847952729,1,3,4,5,6,8,9,10,11,12,14,15,17,18,19,20,23,40,46,50,52,54,55,56,58,60,61,62,63,64,69,71,72,78,79,80,81,82,87,89,90,92,94,97,98,99,100,101,103,106,107,108,119,120,122,123,124,127,128,129,132,136,138,141,143,145,146,148,149,151,152,153,156,157,159,160,161,167,169,170
DESKTOP-ASQ3AP9,1,2569,1857.2378039360046,17127.667851965023,1,3,4,5,6,8,9,10,11,12,14,15,17,18,19,20,23,40,46,50,52,54,55,56,57,58,61,62,63,64,69,71,72,78,79,80,81,82,87,89,90,92,94,97,98,99,100,101,103,106,107,108,119,120,122,123,124,127,128,129,132,136,138,141,143,145,146,148,149,151,152,153,156,157,159,160,161,167,169,170
DESKTOP-ASQ3AP9,1,2668,1915.7422857284546,17176.905029928075,1,3,4,5,6,8,9,10,11,12,14,15,17,18,19,20,23,40,46,50,52,54,55,56,57,58,61,62,63,69,71,72,77,78,79,80,81,82,87,89,90,92,94,97,98,99,100,101,103,106,107,108,119,120,122,123,124,128,129,132,136,138,141,143,145,146,148,149,151,152,153,156,157,158,159,160,161,167,169,170
DESKTOP-ASQ3AP9,1,2847,2028.115519285202,17179.427651063805,1,3,4,5,6,8,9,10,11,12,14,15,17,18,19,20,23,40,46,50,52,54,55,56,57,58,61,62,63,69,71,72,77,78,79,80,81,82,87,89,90,92,94,97,98,99,100,101,103,106,107,108,119,120,122,123,124,127,128,129,136,138,141,143,145,146,148,149,151,152,153,156,157,158,159,160,161,167,169,170
DESKTOP-ASQ3AP9,1,2849,2029.96009516716,17200.911445004145,1,3,4,5,6,8,9,10,11,12,14,17,18,19,20,23,40,46,50,52,54,55,56,57,58,61,62,63,69,71,72,77,78,79,80,81,82,87,89,90,92,94,97,98,99,100,101,103,106,107,108,119,120,122,123,124,127,128,129,132,136,138,141,143,145,146,148,149,151,152,153,156,157,158,159,160,161,167,169,170
DESKTOP-ASQ3AP9,1,2856,2035.3996815681458,17211.17955367423,1,3,4,5,6,8,9,10,11,12,14,15,17,18,19,20,23,40,46,52,54,55,56,57,58,61,62,63,69,71,72,77,78,79,80,81,82,87,89,90,92,94,97,98,99,100,101,103,106,107,108,119,120,122,123,124,127,128,129,132,136,138,141,143,145,146,148,149,151,152,153,156,157,158,159,160,161,167,169,170
DESKTOP-ASQ3AP9,1,2864,2042.6197090148926,17240.226442925636,1,3,4,5,6,8,9,10,11,12,14,15,17,18,19,20,23,40,46,50,52,55,56,57,58,61,62,63,69,71,72,77,78,79,80,81,82,87,89,90,92,94,97,98,99,100,101,103,106,107,108,119,120,122,123,124,127,128,129,132,136,138,141,143,145,146,148,149,151,152,153,156,157,158,159,160,161,167,169,170
DESKTOP-ASQ3AP9,1,2997,2117.2032520771027,17271.73839014777,1,3,4,5,6,8,9,10,11,12,14,15,17,18,19,20,23,40,44,46,50,52,55,56,57,58,61,62,63,69,71,77,78,79,80,81,82,87,89,90,92,94,97,98,99,100,101,103,106,107,108,119,120,122,123,124,127,128,129,132,136,138,141,143,145,146,148,149,151,152,153,156,157,158,159,160,161,167,169,170
DESKTOP-ASQ3AP9,1,3004,2123.5186614990234,17283.235346580088,1,3,4,5,6,8,9,10,11,12,14,15,17,18,19,20,23,44,46,50,52,55,56,57,58,61,62,63,69,71,72,77,78,79,80,81,82,87,89,90,92,94,97,98,99,100,101,103,106,107,108,119,120,122,123,124,127,128,129,132,136,138,141,143,145,146,148,149,151,152,153,156,157,158,159,160,161,167,169,170
DESKTOP-ASQ3AP9,1,3016,2134.3195230960846,17286.277232697597,1,3,4,5,6,8,9,10,11,12,14,15,17,18,19,20,23,40,44,46,50,52,55,56,57,58,61,62,63,69,71,72,77,78,80,81,82,87,89,90,92,94,97,98,99,100,101,103,106,107,108,119,120,122,123,124,127,128,129,132,136,138,141,143,145,146,148,149,151,152,153,156,157,158,159,160,161,167,169,170
DESKTOP-ASQ3AP9,1,3109,2196.618845462799,17291.82264622239,1,3,4,5,6,8,9,10,11,12,14,15,17,18,19,20,23,40,44,46,50,52,55,56,57,58,61,62,63,69,71,72,77,78,80,81,82,87,89,90,92,94,97,98,99,100,101,103,106,107,108,119,120,122,123,124,127,128,129,132,136,138,141,142,143,145,146,148,149,152,153,156,157,158,159,160,161,167,169,170
DESKTOP-ASQ3AP9,1,3111,2198.4790337085724,17303.366457714936,1,3,4,5,6,8,9,10,11,12,14,15,17,18,19,20,23,40,44,46,50,52,55,56,57,58,61,62,63,69,71,72,77,78,80,81,82,87,89,90,92,97,98,99,100,101,103,106,107,108,119,120,122,123,124,127,128,129,132,136,138,141,142,143,145,146,148,149,151,152,153,156,157,158,159,160,161,167,169,170
DESKTOP-ASQ3AP9,1,3119,2205.7161178588867,17307.672271986088,1,3,4,5,6,8,9,10,11,12,14,15,17,18,19,20,23,40,44,46,50,52,55,56,57,58,61,62,63,69,71,72,77,78,80,81,82,87,89,90,92,94,97,98,99,100,103,106,107,108,119,120,122,123,124,127,128,129,132,136,138,141,142,143,145,146,148,149,151,152,153,156,157,158,159,160,161,167,169,170
DESKTOP-ASQ3AP9,1,3148,2230.0731608867645,17324.97662299727,1,3,4,5,6,8,9,10,11,12,14,15,17,18,19,20,23,40,44,46,50,52,55,56,57,58,61,62,63,69,72,77,78,80,81,82,87,89,90,92,94,97,98,99,100,101,103,106,107,108,119,120,122,123,124,127,128,129,132,136,138,141,142,143,145,146,148,149,151,152,153,156,157,158,159,160,161,167,169,170
DESKTOP-ASQ3AP9,1,3330,2349.8972606658936,17351.042582431524,1,3,4,5,6,8,9,10,11,12,14,15,17,18,19,20,23,40,44,46,50,52,55,56,57,58,61,62,63,69,72,77,78,80,81,82,87,89,90,92,93,94,97,98,99,100,101,103,106,107,108,119,120,122,123,124,127,128,129,132,136,138,141,142,143,145,148,149,151,152,153,156,157,158,159,160,161,167,169,170
DESKTOP-ASQ3AP9,1,3346,2361.604056596756,17364.358480823117,1,3,4,5,6,8,9,10,11,12,14,15,17,18,19,20,23,40,44,46,50,52,55,56,57,58,61,62,69,72,77,78,80,81,82,87,89,90,92,93,94,97,98,99,100,101,103,106,107,108,119,120,122,123,124,127,128,129,132,136,138,141,142,143,145,146,148,149,151,152,153,156,157,158,159,160,161,167,169,170
DESKTOP-ASQ3AP9,1,3381,2387.6608378887177,17364.718318796404,1,3,4,5,6,8,9,10,11,12,14,15,17,18,19,20,23,40,44,46,52,55,56,57,58,61,62,63,69,72,77,78,80,81,82,87,89,90,92,93,94,97,98,99,100,101,103,106,107,108,119,120,122,123,124,127,128,129,132,136,138,141,142,143,145,146,148,149,151,152,153,156,157,158,159,160,161,167,169,170
DESKTOP-ASQ3AP9,1,3385,2391.3022031784058,17401.355020216375,1,3,4,5,6,8,9,10,11,12,14,15,17,18,19,20,23,40,44,46,50,52,55,56,57,58,61,62,63,69,72,77,78,80,81,82,87,89,90,92,93,94,97,98,100,101,103,106,107,108,119,120,122,123,124,127,128,129,132,136,138,141,142,143,145,146,148,149,151,152,153,156,157,158,159,160,161,167,169,170
DESKTOP-ASQ3AP9,1,4079,2804.80943107605,17416.250119797798,1,3,4,5,6,8,9,10,11,12,14,15,17,18,19,20,23,40,44,46,50,52,55,56,57,58,61,62,63,69,72,77,78,80,81,82,87,89,90,93,94,95,97,98,100,101,103,106,107,108,119,120,122,123,124,127,128,129,132,136,138,141,142,143,145,146,148,149,151,152,153,156,157,158,159,160,161,167,169,170
DESKTOP-ASQ3AP9,1,4080,2805.7467408180237,17416.90473177499,1,3,4,5,6,8,9,10,11,12,14,15,17,18,19,20,23,40,44,46,50,52,55,56,57,58,61,62,63,69,72,77,80,81,82,87,89,90,92,93,94,95,97,98,100,101,103,106,107,108,119,120,122,123,124,127,128,129,132,136,138,141,142,143,145,146,148,149,151,152,153,156,157,158,159,160,161,167,169,170
DESKTOP-ASQ3AP9,1,4083,2808.4979724884033,17461.19971906594,1,3,4,5,6,8,9,10,11,12,14,15,17,18,19,20,23,40,44,46,50,52,55,56,57,58,61,62,63,69,72,77,78,81,82,87,89,90,92,93,94,95,97,98,100,101,103,106,107,108,119,120,122,123,124,127,128,129,132,136,138,141,142,143,145,146,148,149,151,152,153,156,157,158,159,160,161,167,169,170
DESKTOP-ASQ3AP9,1,4351,2965.780061006546,17467.871273952835,1,3,4,5,6,8,9,10,11,12,14,15,17,18,19,20,23,40,44,46,50,52,55,56,57,58,61,62,63,69,72,77,78,81,82,87,89,90,92,93,95,97,98,100,101,103,106,107,108,119,120,122,123,124,127,128,129,131,132,136,138,141,142,143,145,146,148,149,151,152,153,156,157,158,159,160,161,167,169,170
DESKTOP-ASQ3AP9,1,4359,2973.01739859581,17486.54166585603,1,3,4,5,6,8,9,10,11,12,14,15,17,18,19,20,23,40,44,46,50,52,55,56,58,61,62,63,69,72,77,78,81,82,87,89,90,92,93,94,95,97,98,100,101,103,106,107,108,119,120,122,123,124,127,128,129,131,132,136,138,141,142,143,145,146,148,149,151,152,153,156,157,158,159,160,161,167,169,170
DESKTOP-ASQ3AP9,1,4362,2974.861491203308,17497.352731950225,1,3,4,5,6,8,9,10,11,12,14,15,17,18,19,20,23,40,44,46,50,52,55,56,57,58,61,62,63,69,72,77,78,81,82,87,89,90,92,93,94,95,97,98,100,103,106,107,108,119,120,122,123,124,127,128,129,131,132,136,138,141,142,143,145,146,148,149,151,152,153,156,157,158,159,160,161,167,169,170
DESKTOP-ASQ3AP9,1,4421,3015.2842741012573,17499.184221324544,1,3,4,5,6,8,9,10,11,12,14,15,17,18,19,20,23,40,44,46,50,52,55,56,57,58,61,62,63,69,71,77,78,81,82,87,89,90,92,93,94,95,97,98,100,103,106,107,108,119,120,122,123,124,127,128,129,131,132,136,138,141,142,143,145,146,148,149,151,152,153,156,157,158,159,160,161,167,169,170
DESKTOP-ASQ3AP9,1,5812,3833.9965529441833,17502.554502546314,1,3,4,5,6,8,9,10,11,12,14,17,18,19,20,23,40,44,46,50,52,55,56,57,58,61,62,63,69,71,77,78,81,82,87,89,90,92,93,94,95,97,98,100,103,106,107,108,119,120,122,123,124,127,128,129,130,131,132,136,138,141,142,143,145,146,148,149,151,152,153,156,157,158,159,160,161,167,169,170
DESKTOP-ASQ3AP9,1,5813,3834.9190628528595,17517.81961961911,1,3,4,5,6,8,9,10,11,12,14,15,17,18,19,20,23,40,44,46,50,52,55,56,57,58,61,62,63,69,77,78,81,82,87,89,90,92,93,94,95,97,98,100,103,106,107,108,119,120,122,123,124,127,128,129,130,131,132,136,138,141,142,143,145,146,148,149,151,152,153,156,157,158,159,160,161,167,169,170
DESKTOP-ASQ3AP9,1,5967,3919.61883020401,17525.10024790481,1,3,4,5,6,8,9,10,11,12,14,15,17,18,19,20,23,40,44,46,50,52,55,56,57,58,61,62,63,66,69,77,78,81,82,87,89,90,92,93,94,95,97,98,100,103,106,107,108,119,120,122,123,124,127,128,129,130,132,136,138,141,142,143,145,146,148,149,151,152,153,156,157,158,159,160,161,167,169,170
DESKTOP-ASQ3AP9,1,5970,3922.3693804740906,17549.84363535882,1,3,4,5,6,8,9,10,11,12,14,15,17,18,19,20,23,44,46,50,52,55,56,57,58,61,62,63,66,69,77,78,81,82,87,89,90,92,93,94,95,97,98,100,103,106,107,108,119,120,122,123,124,127,128,129,130,131,132,136,138,141,142,143,145,146,148,149,151,152,153,156,157,158,159,160,161,167,169,170
DESKTOP-ASQ3AP9,1,7071,4541.5930807590485,17593.010863310934,1,3,4,5,6,8,9,10,11,12,14,15,17,18,19,20,23,44,46,50,52,55,56,57,58,61,62,63,66,69,77,78,81,82,84,87,89,90,92,93,94,95,97,98,100,103,106,107,108,119,120,122,123,124,127,128,129,130,131,132,136,138,141,142,143,145,146,148,149,151,152,153,156,158,159,160,161,167,169,170
DESKTOP-ASQ3AP9,1,10998,6753.60536646843,17594.052203418338,1,3,4,5,6,8,9,10,11,12,14,15,17,18,19,20,23,44,46,50,52,55,56,58,61,62,63,66,69,77,78,80,81,82,84,87,89,90,92,93,94,95,97,98,100,103,106,107,108,119,120,122,123,124,127,128,129,130,131,132,136,138,141,142,143,145,146,148,149,151,152,153,156,158,159,160,161,167,169,170
DESKTOP-ASQ3AP9,1,13627,8256.545041561127,17595.54918283604,1,3,4,5,6,8,9,10,11,12,13,14,15,17,18,19,20,23,44,46,50,52,55,56,58,61,62,63,66,69,77,78,81,82,84,87,89,90,92,93,94,95,97,98,100,103,106,107,108,119,120,122,123,124,127,128,129,130,131,132,136,138,141,142,143,145,146,148,149,151,152,153,156,158,159,160,161,167,169,170
DESKTOP-ASQ3AP9,1,13909,8437.277147054672,17603.408546446037,1,3,4,5,6,8,9,10,11,12,14,15,17,18,19,20,23,44,46,50,52,55,56,58,61,62,63,66,69,72,77,78,81,82,84,87,89,90,92,93,94,95,97,98,100,103,106,107,108,119,120,122,123,124,127,128,129,130,131,132,136,138,141,142,143,145,146,148,149,151,152,153,156,158,159,160,161,167,169,170
DESKTOP-ASQ3AP9,1,69899,40627.86516904831,17608.886885961132,1,3,4,5,6,8,9,10,11,12,14,15,17,18,19,20,23,44,46,50,52,55,56,58,61,62,63,66,69,71,77,78,81,82,84,87,89,90,92,93,94,95,97,98,100,103,106,107,108,119,120,122,123,124,127,128,129,130,131,132,136,138,141,142,143,145,146,148,149,151,152,153,156,158,159,160,161,167,169,170
FINISH,1,99778,57600.76172065735,17608.886885961132,1,3,4,5,6,8,9,10,11,12,14,15,17,18,19,20,23,44,46,50,52,55,56,58,61,62,63,66,69,71,77,78,81,82,84,87,89,90,92,93,94,95,97,98,100,103,106,107,108,119,120,122,123,124,127,128,129,130,131,132,136,138,141,142,143,145,146,148,149,151,152,153,156,158,159,160,161,167,169,170
