Machine,Trial,Time,Demand,selectedHub0,selectedHub1,selectedHub2,selectedHub3,selectedHub4,selectedHub5,selectedHub6,selectedHub7,selectedHub8,selectedHub9,selectedHub10,selectedHub11,selectedHub12,selectedHub13,selectedHub14,selectedHub15,selectedHub16,selectedHub17,selectedHub18,selectedHub19,selectedHub20,selectedHub21,selectedHub22,selectedHub23,selectedHub24,selectedHub25,selectedHub26,selectedHub27,selectedHub28,selectedHub29,selectedHub30,selectedHub31,selectedHub32,selectedHub33,selectedHub34,selectedHub35,selectedHub36,selectedHub37,selectedHub38,selectedHub39,selectedHub40,selectedHub41,selectedHub42,selectedHub43,selectedHub44,selectedHub45,selectedHub46,selectedHub47,selectedHub48,selectedHub49,selectedHub50,selectedHub51,selectedHub52,selectedHub53,selectedHub54,selectedHub55,selectedHub56,selectedHub57,selectedHub58,selectedHub59,selectedHub60,selectedHub61,selectedHub62,selectedHub63,selectedHub64,selectedHub65,selectedHub66,selectedHub67,selectedHub68,selectedHub69,selectedHub70,selectedHub71,selectedHub72,selectedHub73,selectedHub74,selectedHub75,selectedHub76,selectedHub77,selectedHub78,selectedHub79,selectedHub80,selectedHub81,selectedHub82,selectedHub83,selectedHub84
DESKTOP-ASQ3AP9,0,0.43665003776550293,11316.873391450983,4,6,7,8,9,10,12,13,15,16,22,24,25,28,29,32,33,34,35,36,39,40,41,43,47,48,49,52,53,58,59,63,65,71,73,74,75,78,81,83,84,88,90,92,94,95,97,99,100,102,105,106,107,108,111,113,114,115,117,121,123,127,129,132,133,135,136,137,138,140,141,142,143,146,148,149,151,155,156,157,158,159,161,162,166
DESKTOP-ASQ3AP9,1,0.9037971496582031,12760.539171598333,1,5,7,9,10,11,12,13,14,15,18,19,20,22,24,25,26,27,28,31,34,35,36,37,43,45,51,54,55,56,57,58,59,62,68,70,75,76,77,78,79,82,83,85,86,87,90,91,93,94,95,97,98,99,101,102,103,104,109,112,114,116,119,120,123,125,127,133,136,138,140,141,143,145,146,152,153,154,156,157,159,160,161,165,166
DESKTOP-ASQ3AP9,3,1.8055083751678467,12852.045663398743,1,3,5,7,9,10,11,12,13,14,18,20,21,22,24,25,26,27,28,31,32,35,36,38,39,40,43,45,51,54,57,58,59,60,69,73,75,76,77,78,79,83,85,86,87,90,91,93,94,95,97,98,99,101,102,103,104,108,109,112,114,116,119,120,124,125,127,128,133,136,138,139,140,142,143,145,148,153,154,156,157,159,160,165,166
DESKTOP-ASQ3AP9,7,3.5605576038360596,12862.003200088939,1,3,5,10,11,12,13,14,15,18,19,21,22,24,25,26,27,28,31,32,34,35,37,38,39,40,43,51,54,55,56,57,58,60,68,69,73,75,76,77,78,79,82,83,85,86,90,93,94,95,97,98,99,101,102,103,104,108,112,114,116,119,120,124,125,127,128,133,136,138,139,140,142,143,145,146,148,153,154,156,157,160,161,165,166
DESKTOP-ASQ3AP9,8,4.027533292770386,13136.824994439066,1,3,5,7,9,10,11,12,13,14,18,20,21,22,24,25,27,28,31,32,34,36,38,39,40,43,45,51,54,55,56,57,58,59,68,69,73,75,76,77,78,79,83,85,86,87,90,91,93,94,95,97,98,101,102,103,104,108,109,112,114,116,119,120,123,124,127,133,136,138,139,140,142,143,145,146,148,153,154,156,157,159,160,165,166
DESKTOP-ASQ3AP9,9,4.49247670173645,13322.503732404031,1,3,5,7,9,10,11,12,14,15,18,20,21,22,24,25,26,27,28,31,35,37,38,39,40,43,45,51,54,56,58,59,69,73,75,76,77,78,79,82,83,85,86,87,90,91,93,94,95,97,98,99,101,102,103,104,108,109,112,116,119,120,123,124,125,127,128,133,136,138,139,140,142,143,145,146,148,153,156,157,159,160,161,165,166
DESKTOP-ASQ3AP9,15,7.1003828048706055,13349.606737604452,1,3,5,7,9,10,11,12,13,14,15,18,20,21,22,24,25,26,27,28,31,35,36,37,38,39,40,43,45,51,54,55,56,59,60,68,69,73,75,76,77,79,82,83,85,87,90,91,93,94,95,97,98,99,101,102,103,109,112,114,116,119,120,123,124,127,128,133,136,138,139,140,142,143,145,146,148,153,154,156,159,160,161,165,166
DESKTOP-ASQ3AP9,24,10.999846458435059,13613.75103598843,1,3,5,7,9,10,11,12,13,14,15,18,20,21,22,24,26,27,28,32,35,36,38,39,40,43,45,51,54,55,56,57,58,59,68,69,73,75,76,77,79,82,83,85,86,87,90,91,93,94,95,97,98,99,101,103,108,109,112,114,116,119,120,123,124,127,128,133,136,138,139,140,142,143,145,146,148,153,154,156,157,159,160,161,166
DESKTOP-ASQ3AP9,81,29.045917749404907,13970.88212733817,1,3,5,7,9,10,11,12,13,14,15,18,20,21,22,23,24,26,27,28,32,35,36,38,39,40,45,51,54,55,57,58,59,60,61,68,69,73,75,76,77,79,82,85,86,87,90,91,93,94,95,97,98,99,101,103,107,108,112,114,116,119,120,123,124,127,128,133,136,138,139,140,142,143,145,146,148,153,154,156,157,159,160,161,166
DESKTOP-ASQ3AP9,92,33.80339241027832,14102.387558837509,1,3,5,7,9,10,11,12,13,14,15,18,20,21,22,23,24,26,27,28,32,35,36,38,39,40,43,45,51,54,55,56,57,58,59,60,61,68,69,73,75,76,77,79,82,85,86,87,90,91,93,94,95,97,98,99,101,103,107,108,109,114,119,120,123,124,127,128,133,136,138,140,142,143,145,146,148,153,154,156,157,159,160,161,166
DESKTOP-ASQ3AP9,98,36.42285442352295,14122.64603247996,1,3,5,7,9,10,11,12,13,14,15,18,20,21,22,23,24,26,27,28,32,35,36,38,39,40,43,45,51,54,55,56,57,58,59,60,61,68,69,73,76,77,79,82,85,86,87,90,91,93,94,95,97,98,99,101,103,107,108,109,112,114,119,120,123,124,127,128,133,136,138,139,140,142,143,145,146,148,153,154,156,157,159,160,161
DESKTOP-ASQ3AP9,122,46.3093683719635,14122.777103024964,1,3,5,7,9,10,11,12,13,14,15,18,20,21,22,23,24,26,27,28,32,35,36,38,39,40,43,45,54,55,56,57,58,59,60,61,68,69,73,75,76,77,79,82,85,86,87,90,91,93,94,95,97,98,99,101,103,107,108,109,112,114,119,120,123,124,127,128,133,136,138,139,140,142,143,145,146,148,153,154,156,157,159,160,161
DESKTOP-ASQ3AP9,193,63.08082938194275,14262.56763116002,1,3,5,7,9,10,11,12,13,14,15,18,20,21,22,23,24,26,27,28,32,35,36,38,40,43,45,50,55,56,57,58,59,60,61,68,69,73,75,76,77,79,82,85,86,87,90,91,93,94,95,97,98,99,101,102,103,107,108,109,112,114,119,120,123,124,127,128,133,136,138,139,140,142,143,145,146,148,153,154,156,157,159,160,161
DESKTOP-ASQ3AP9,197,64.83824229240417,14385.227671878361,1,3,5,7,9,10,11,12,13,14,15,18,20,21,22,23,24,26,27,28,32,36,37,38,39,40,43,45,50,54,55,56,57,58,59,60,61,68,69,73,75,76,77,79,82,85,86,87,90,91,93,94,95,97,98,99,101,102,103,107,108,109,112,119,120,123,124,127,128,133,136,138,140,142,143,145,146,148,153,154,156,157,159,160,161
DESKTOP-ASQ3AP9,274,87.24589920043945,14495.162971543492,1,3,5,7,8,9,10,11,12,13,14,15,18,20,21,22,23,24,26,27,28,32,36,37,38,39,40,43,45,50,54,55,56,57,58,59,60,61,68,69,73,75,76,77,79,82,85,87,90,91,93,94,95,97,98,99,101,102,103,107,108,109,112,119,120,123,124,127,128,133,136,138,140,142,143,145,146,148,153,154,156,157,159,160,161
DESKTOP-ASQ3AP9,285,92.00601482391357,14504.709458432882,1,3,5,7,8,9,10,11,12,13,14,15,18,20,21,22,23,24,26,27,28,32,36,37,38,40,43,45,50,54,55,56,57,58,59,60,61,68,69,73,75,76,77,79,82,85,86,87,90,91,93,94,95,97,98,99,101,102,103,107,108,109,112,119,120,123,124,127,128,133,136,138,140,142,143,145,146,148,153,154,156,157,159,160,161
DESKTOP-ASQ3AP9,303,99.33441495895386,14518.335246710209,1,3,5,7,8,9,10,11,12,13,14,15,18,20,21,22,23,24,26,27,28,32,36,37,38,39,40,45,50,54,55,56,57,58,59,60,61,68,69,73,75,76,77,79,82,85,86,87,90,91,93,94,95,97,98,99,101,102,103,107,108,109,112,119,120,123,124,127,128,133,136,138,140,142,143,145,146,148,153,154,156,157,159,160,161
DESKTOP-ASQ3AP9,326,108.3507604598999,14548.824036027096,1,3,5,7,8,9,10,11,12,13,14,15,18,20,21,22,23,24,26,27,28,32,36,37,38,39,40,43,45,50,54,55,56,57,58,59,60,61,68,69,73,75,76,77,79,82,85,86,87,90,91,93,94,95,97,98,99,101,102,103,107,108,109,112,119,120,123,124,127,128,136,138,140,142,143,145,146,148,153,154,156,157,159,160,161
DESKTOP-ASQ3AP9,358,119.95719909667969,14596.718360570796,1,3,5,7,8,9,10,11,12,13,14,15,18,20,21,22,23,24,26,27,28,32,36,37,38,39,40,43,45,50,54,55,56,57,58,59,60,61,68,69,73,75,76,77,79,82,85,86,87,90,91,93,94,95,97,98,99,101,102,103,107,108,109,112,119,120,123,124,127,128,133,136,138,140,142,143,145,146,148,153,156,157,159,160,161
DESKTOP-ASQ3AP9,427,142.66382503509521,14688.802515522144,1,3,5,7,8,9,10,11,12,13,14,15,18,20,21,23,24,26,27,28,32,36,37,38,39,40,43,50,54,55,56,57,58,59,60,61,68,69,73,75,76,77,79,82,85,86,87,90,91,93,94,95,97,98,99,101,102,103,107,108,109,112,119,120,123,124,127,128,133,136,138,140,141,142,143,145,146,148,153,154,156,157,159,160,161
DESKTOP-ASQ3AP9,428,143.1303482055664,14722.288754760848,1,3,5,8,9,10,11,12,13,14,15,18,20,21,22,23,24,26,27,28,32,36,37,38,39,40,43,45,54,55,56,57,58,59,60,61,68,69,73,75,76,77,79,82,85,86,87,90,91,93,94,95,97,98,99,101,102,103,107,108,109,112,119,120,123,124,127,128,133,136,138,140,141,142,143,145,146,148,153,154,156,157,159,160,161
DESKTOP-ASQ3AP9,431,144.45191311836243,14827.521031256387,1,3,5,7,8,9,10,11,12,13,14,15,18,20,21,22,23,26,27,28,32,36,37,38,39,40,43,45,50,54,55,56,57,58,59,60,61,68,69,73,75,76,77,79,82,85,86,87,90,91,93,94,95,97,98,99,101,102,103,107,108,109,119,120,123,124,127,128,133,136,138,140,141,142,143,145,146,148,153,154,156,157,159,160,161
DESKTOP-ASQ3AP9,432,144.91859316825867,14871.628066136866,1,3,5,7,8,9,10,11,12,13,14,15,18,20,21,22,23,24,26,27,28,32,36,37,38,39,40,43,45,50,54,55,56,57,58,59,60,61,68,69,76,77,79,82,85,86,87,90,91,93,94,95,97,98,99,101,102,103,107,108,109,112,119,120,123,124,127,128,133,136,138,140,141,142,143,145,146,148,153,154,156,157,159,160,161
DESKTOP-ASQ3AP9,492,167.18312859535217,14881.41415791115,1,3,5,7,8,9,10,11,12,13,14,15,18,20,21,22,23,24,26,27,28,32,36,37,38,39,40,43,45,50,54,55,56,57,58,59,60,61,68,69,76,77,79,82,84,85,86,87,90,91,93,94,95,97,98,99,102,103,107,108,109,112,119,120,123,124,127,128,133,136,138,140,141,142,143,145,146,148,153,154,156,157,159,160,161
DESKTOP-ASQ3AP9,494,168.07491755485535,14952.408038674945,1,3,5,7,8,9,10,11,12,13,14,15,18,20,21,22,23,24,26,27,28,32,36,37,38,39,40,43,45,50,54,55,56,57,58,60,61,68,69,76,77,79,82,84,85,86,87,90,91,93,94,95,97,98,99,101,102,103,107,108,109,112,119,120,123,124,127,128,133,136,138,140,141,142,143,145,146,148,153,154,156,157,159,160,161
DESKTOP-ASQ3AP9,496,168.97800970077515,14961.449504081786,1,3,5,7,8,9,10,11,12,13,14,15,18,20,21,22,23,24,26,27,28,32,36,38,39,40,43,45,50,54,55,56,57,58,59,60,61,68,69,76,77,79,82,84,85,86,87,90,91,93,94,95,97,98,99,101,102,103,107,108,109,112,119,120,123,124,127,128,133,136,138,140,141,142,143,145,146,148,153,154,156,157,159,160,161
DESKTOP-ASQ3AP9,566,187.8830406665802,15012.571644122272,1,3,5,7,8,9,10,11,12,13,14,15,18,20,21,22,23,24,26,27,28,32,36,38,40,43,45,50,54,55,56,57,58,59,61,64,68,69,74,77,79,82,84,85,86,87,90,91,93,94,95,97,98,99,101,102,103,106,107,108,109,112,120,123,124,127,128,133,136,138,140,141,142,143,145,146,148,153,154,156,157,159,160,161,164
DESKTOP-ASQ3AP9,582,194.78656721115112,15026.565207570111,1,3,5,8,9,10,11,12,13,14,15,18,20,21,22,23,24,26,27,32,36,38,39,40,43,45,50,54,55,56,57,58,59,60,61,64,68,69,74,76,77,79,82,84,85,86,87,90,91,94,95,97,98,99,101,102,103,106,107,108,109,112,119,120,123,124,127,128,133,136,138,140,141,142,143,145,146,148,153,154,156,157,159,160,161
DESKTOP-ASQ3AP9,601,202.9605598449707,15030.802548328113,1,3,5,7,8,9,10,11,12,13,14,15,18,20,21,22,23,24,26,27,32,36,38,39,40,43,45,50,55,56,57,58,59,60,61,64,68,69,74,76,77,79,82,84,85,86,87,90,91,94,95,97,98,99,101,102,103,106,107,108,112,119,120,123,124,127,128,133,136,138,140,141,142,143,145,146,148,153,154,156,157,159,160,161,164
DESKTOP-ASQ3AP9,608,205.99639225006104,15051.351576112886,1,3,5,7,8,9,10,11,12,13,14,15,18,20,21,22,23,24,26,32,36,38,39,40,43,45,50,54,55,56,57,58,59,60,61,64,68,69,74,76,77,79,82,84,85,86,87,90,91,94,95,97,98,99,101,102,103,106,107,108,109,119,120,123,124,127,128,133,136,138,140,141,142,143,145,146,148,153,154,156,157,159,160,161,164
DESKTOP-ASQ3AP9,644,220.26052021980286,15075.157893929947,1,3,5,7,8,9,10,11,12,13,14,15,18,20,21,22,23,24,26,27,32,36,38,39,40,43,45,50,54,55,56,57,58,59,60,61,64,68,69,74,76,77,79,82,84,85,86,87,90,91,94,95,97,98,99,101,102,103,106,107,108,109,119,120,123,124,127,128,133,136,138,140,141,142,143,145,146,148,153,154,156,157,159,160,161
DESKTOP-ASQ3AP9,652,223.72637343406677,15099.082210264101,1,3,5,7,8,9,10,11,12,13,14,15,18,20,21,22,23,24,26,27,32,38,39,40,43,45,50,54,55,56,57,58,59,60,61,64,68,69,74,76,77,79,82,84,85,86,87,90,91,94,95,97,98,99,101,102,103,106,107,108,109,119,120,123,124,127,128,133,136,138,140,141,142,143,145,146,148,153,154,156,157,159,160,161,164
DESKTOP-ASQ3AP9,686,235.31859278678894,15139.55320966695,1,3,5,6,7,8,9,10,11,12,13,14,18,20,22,23,24,26,27,30,32,33,39,40,41,45,46,50,53,54,55,56,57,58,59,64,68,69,74,76,77,82,84,85,86,87,89,90,91,94,95,97,98,99,100,102,103,106,107,108,109,119,120,123,124,127,133,136,138,140,141,142,143,145,146,148,153,154,156,157,159,160,161,164,167
DESKTOP-ASQ3AP9,689,236.64712929725647,15349.327414817526,1,3,5,6,7,8,9,10,11,12,13,14,18,20,21,22,23,24,26,30,32,33,38,40,41,43,45,46,50,54,55,57,59,60,61,68,69,74,76,77,79,82,84,85,86,87,89,90,91,94,97,98,99,100,101,102,103,106,107,108,119,120,123,124,127,128,133,136,138,140,141,142,143,145,146,148,153,154,156,157,159,160,161,164,167
DESKTOP-ASQ3AP9,700,241.45039701461792,15423.873077273221,1,3,5,6,7,8,9,10,11,12,13,14,18,20,21,22,23,24,26,30,33,38,39,40,41,43,45,46,50,54,55,57,58,59,60,61,68,69,74,76,77,79,82,84,85,86,87,89,90,91,95,97,98,99,100,102,103,106,107,108,119,120,123,124,127,128,133,136,138,140,141,142,143,145,146,148,153,154,156,157,159,160,161,164,167
DESKTOP-ASQ3AP9,708,244.9509482383728,15494.934100935192,1,3,5,6,7,8,9,10,11,12,13,14,18,20,21,22,23,24,26,27,30,33,38,40,41,43,45,46,50,54,55,57,58,59,60,61,69,74,76,77,79,82,84,85,86,87,89,90,91,95,97,98,99,100,101,102,103,106,107,108,119,120,123,124,127,128,133,136,138,140,141,142,143,145,146,148,153,154,156,157,159,160,161,164,167
DESKTOP-ASQ3AP9,736,255.69906759262085,15520.250048166332,1,3,5,6,7,8,9,10,11,12,13,14,18,20,21,22,23,24,26,27,30,33,38,40,41,43,45,46,50,54,55,57,58,59,60,61,68,69,74,76,77,79,82,84,85,87,89,90,91,95,97,98,99,100,101,102,103,106,107,108,119,120,123,124,127,128,133,136,138,140,141,142,143,145,146,148,153,154,156,157,159,160,161,164,167
DESKTOP-ASQ3AP9,744,259.1623303890228,15543.69212782564,1,3,5,6,7,8,9,10,11,12,13,14,18,20,21,22,23,24,26,27,30,33,38,40,41,45,46,50,54,55,57,58,59,60,61,68,69,74,76,77,79,82,84,85,86,87,89,90,91,95,97,98,99,100,101,102,103,106,107,108,119,120,123,124,127,128,133,136,138,140,141,142,143,145,146,148,153,154,156,157,159,160,161,164,167
DESKTOP-ASQ3AP9,761,266.0434150695801,15569.13967291466,1,3,5,6,7,8,9,10,11,12,13,14,18,20,21,22,23,24,26,27,30,33,38,40,41,43,45,46,50,54,55,57,58,59,60,61,68,69,74,77,79,82,84,85,86,87,89,90,91,95,97,98,99,100,101,102,103,106,107,108,119,120,123,124,127,128,133,136,138,140,141,142,143,145,146,148,153,154,156,157,159,160,161,164,167
DESKTOP-ASQ3AP9,831,290.5242352485657,15698.041517233169,1,3,4,5,6,7,8,9,10,11,12,13,14,17,18,20,21,22,23,24,27,30,33,38,40,41,43,45,46,50,54,55,57,58,59,60,61,68,69,74,77,79,82,84,85,86,87,89,90,91,95,97,98,99,100,101,102,103,106,107,119,120,123,124,127,128,133,136,138,140,141,142,143,145,146,148,153,154,156,157,159,160,161,164,167
DESKTOP-ASQ3AP9,840,294.414568901062,15745.638383453894,1,3,4,5,6,7,8,9,10,11,12,13,14,17,18,20,21,22,23,24,26,27,33,38,40,41,43,45,46,50,54,55,57,58,59,60,61,68,69,74,77,79,82,84,85,86,87,89,90,91,95,97,98,99,100,101,102,103,106,107,119,120,123,124,127,128,133,136,138,140,141,142,143,145,146,148,153,154,156,157,159,160,161,164,167
DESKTOP-ASQ3AP9,842,295.3085210323334,15939.069091144996,1,3,4,5,6,7,8,9,10,11,12,13,14,17,18,20,21,22,23,24,26,27,30,33,38,40,41,43,45,46,50,55,57,58,59,60,61,68,69,74,77,79,82,84,85,86,87,89,90,91,95,97,98,99,100,101,102,103,106,107,108,119,120,123,124,127,128,133,136,138,140,141,142,143,145,146,148,153,156,157,159,160,161,164,167
DESKTOP-ASQ3AP9,877,309.5262291431427,15975.870337962111,1,3,4,5,6,7,8,9,10,11,12,13,14,17,18,20,21,22,23,24,26,27,30,33,38,40,41,43,45,46,50,54,55,57,58,59,60,61,68,69,74,77,79,82,84,85,86,87,89,90,91,95,97,98,99,100,101,102,103,106,107,108,119,120,123,124,127,128,133,136,138,140,141,142,143,145,146,148,153,156,157,159,160,161,167
DESKTOP-ASQ3AP9,929,327.5614187717438,16071.52500785588,1,3,4,5,6,7,8,9,10,11,12,13,14,17,18,20,21,22,23,24,26,27,30,33,38,40,41,43,45,46,50,54,55,57,58,60,61,62,68,69,74,77,79,80,82,84,85,86,87,89,90,91,95,97,98,99,100,101,102,103,106,107,108,119,120,121,123,124,127,128,133,136,138,140,141,143,145,146,148,153,156,157,159,160,161
DESKTOP-ASQ3AP9,937,331.0262801647186,16195.291601571429,1,3,4,5,6,7,8,9,10,11,12,13,14,17,18,20,21,22,23,24,26,27,33,38,40,41,43,45,46,50,54,55,57,58,59,60,61,62,68,69,77,80,82,84,85,86,87,89,90,91,95,97,98,99,100,101,102,103,106,107,108,119,120,121,123,124,127,128,133,136,138,140,141,142,143,145,146,148,153,156,157,159,160,161,167
DESKTOP-ASQ3AP9,1034,361.8538360595703,16519.60060430052,1,3,4,5,6,7,8,9,10,11,12,13,14,17,18,20,21,22,23,24,26,27,33,38,40,41,43,45,46,50,54,55,57,58,59,60,61,62,68,69,77,80,82,84,85,87,89,90,91,95,97,98,99,100,101,102,103,106,107,108,119,120,121,123,124,127,128,129,133,136,138,140,141,142,143,145,146,148,153,156,157,159,160,161,167
DESKTOP-ASQ3AP9,1043,365.7557535171509,16567.610776504203,1,3,4,5,6,8,9,10,11,12,13,14,17,18,20,21,22,23,24,26,27,33,38,40,41,43,45,46,50,54,55,57,58,59,60,61,62,68,69,77,80,82,84,85,86,87,89,90,91,95,97,98,99,100,101,102,103,106,107,108,119,120,121,123,124,127,128,129,133,136,138,140,141,142,143,145,146,148,153,156,157,159,160,161,167
DESKTOP-ASQ3AP9,1080,379.9286439418793,16603.65464519565,1,3,4,6,8,9,10,11,12,13,14,17,18,20,22,23,24,26,27,33,38,40,41,43,45,46,50,52,54,55,57,58,59,60,61,62,68,69,77,80,82,84,85,86,87,89,90,91,93,95,97,98,100,101,102,103,106,107,108,119,120,121,123,124,127,128,129,133,136,138,140,141,142,143,145,146,148,153,156,157,159,160,161,167,168
DESKTOP-ASQ3AP9,1090,384.25362396240234,16638.979357264023,1,3,4,5,6,8,9,10,11,12,13,14,17,18,20,21,22,23,24,26,27,38,40,41,43,45,46,50,52,54,55,57,58,59,60,61,62,68,69,77,80,82,84,85,86,87,89,90,91,93,97,98,99,100,101,102,103,106,107,108,119,120,121,123,124,127,129,133,136,138,140,141,142,143,145,146,148,153,156,157,159,160,161,167,168
DESKTOP-ASQ3AP9,1094,385.99694895744324,16697.854915564443,1,3,4,5,6,8,9,10,11,12,14,17,18,21,22,23,24,26,27,33,38,40,41,45,46,50,52,54,55,57,58,59,60,61,62,68,69,77,80,82,84,85,86,87,89,90,91,93,95,97,98,99,100,101,102,103,106,107,108,119,120,121,123,124,127,128,129,133,136,138,140,141,142,143,145,146,148,153,156,157,159,160,161,167,168
DESKTOP-ASQ3AP9,1111,393.3173625469208,16740.436227154096,1,3,4,5,6,8,9,10,11,12,13,14,17,18,20,21,22,23,24,26,27,38,40,41,43,45,46,50,52,54,55,57,58,59,60,62,69,77,80,82,84,85,86,87,89,90,91,93,95,97,98,99,100,101,102,103,106,107,108,119,120,121,123,124,127,128,129,133,136,138,140,141,142,143,145,146,148,153,156,157,159,160,161,167,168
DESKTOP-ASQ3AP9,1114,394.6306211948395,16755.91588408653,1,3,4,5,6,8,9,10,11,12,13,14,17,18,20,21,22,23,24,26,27,33,38,40,41,45,46,50,52,54,55,57,58,59,60,61,62,69,77,80,82,84,85,86,87,89,90,91,93,95,97,98,99,100,101,102,103,106,107,108,119,120,123,124,127,128,129,133,136,138,140,141,142,143,145,146,148,153,156,157,159,160,161,167,168
DESKTOP-ASQ3AP9,1120,397.25025629997253,16776.65473408758,1,3,4,5,6,8,9,10,11,12,13,14,17,18,20,21,22,23,24,26,27,33,40,41,45,46,52,54,55,57,58,59,60,61,62,68,69,77,80,82,84,85,86,87,89,90,91,93,95,97,98,99,100,101,102,103,106,107,108,119,120,121,123,124,127,128,129,133,136,138,140,141,142,143,145,146,148,153,156,157,159,160,161,167,168
DESKTOP-ASQ3AP9,1152,409.7067549228668,16837.999245888688,1,3,4,5,6,8,9,10,11,12,13,14,17,18,20,21,22,23,24,26,33,40,41,45,46,50,52,54,55,57,58,59,60,61,62,68,69,77,80,82,84,85,86,87,89,90,91,93,95,97,98,99,100,101,102,103,106,107,108,119,120,121,123,124,127,128,129,133,136,138,140,141,142,143,145,146,148,153,156,157,159,160,161,167,168
DESKTOP-ASQ3AP9,1157,411.9131910800934,16887.46163761284,1,3,4,5,6,8,9,10,11,12,13,14,17,18,20,21,22,23,24,26,27,33,40,41,45,46,50,52,54,55,57,58,59,60,61,62,68,69,77,80,82,84,85,86,87,89,90,91,93,95,97,98,99,100,101,102,103,106,107,108,119,120,121,123,124,127,128,129,136,138,140,141,142,143,145,146,148,153,156,157,159,160,161,167,168
DESKTOP-ASQ3AP9,1218,432.52351903915405,16890.421505037175,1,3,4,5,6,8,9,10,11,12,13,14,17,18,20,21,22,23,24,26,27,33,40,41,45,46,50,52,54,55,57,58,59,60,61,62,68,69,72,77,80,82,84,85,86,87,89,90,91,95,97,98,99,100,101,102,103,106,107,108,119,120,121,123,124,127,128,129,136,138,140,141,142,143,145,146,148,153,156,157,159,160,161,167,168
DESKTOP-ASQ3AP9,1219,432.98818922042847,16892.722744057035,1,3,4,5,6,8,9,10,11,12,13,14,17,18,20,21,22,23,24,26,27,33,40,41,45,46,50,52,54,55,57,58,59,61,62,68,69,72,77,80,82,84,85,86,87,89,90,91,93,95,97,98,99,100,101,102,103,106,107,108,119,120,121,123,124,127,128,129,136,138,140,141,142,143,145,146,148,153,156,157,159,160,161,167,168
DESKTOP-ASQ3AP9,1220,433.44557523727417,16940.878331209813,1,3,4,5,6,8,9,10,11,12,13,14,17,18,19,20,21,22,23,24,26,27,40,41,45,52,54,55,57,58,59,60,61,62,68,69,72,77,80,82,84,85,86,87,89,90,91,93,95,97,98,99,100,101,102,103,106,107,108,119,120,121,123,124,127,128,129,136,138,139,140,141,142,143,145,146,148,153,156,157,159,160,161,167,168
DESKTOP-ASQ3AP9,1236,440.34844636917114,17011.783769261012,1,3,4,5,6,8,9,10,11,12,13,14,17,18,19,20,21,22,23,24,26,40,41,45,46,52,54,55,57,58,59,60,61,62,68,69,72,77,80,82,84,85,86,87,89,90,91,93,95,97,98,99,100,101,102,103,106,107,108,119,120,121,123,124,127,128,129,136,138,139,140,141,142,143,145,146,148,153,156,157,159,160,161,167,168
DESKTOP-ASQ3AP9,1292,457.95779275894165,17088.973079513624,1,3,4,5,6,8,9,10,11,12,13,14,17,18,19,20,21,22,23,24,26,40,45,46,52,54,55,57,58,59,60,61,62,68,69,72,77,80,82,84,85,86,87,89,90,91,93,95,97,98,99,100,101,102,103,106,107,108,119,120,121,123,124,127,128,129,131,136,138,139,140,141,142,143,145,146,148,153,156,157,159,160,161,167,168
DESKTOP-ASQ3AP9,1534,528.2917478084564,17127.174820519198,1,3,4,5,6,8,9,10,11,12,13,14,17,18,19,20,21,22,23,24,26,40,45,46,52,54,55,56,57,58,59,60,61,62,69,72,77,80,82,84,85,86,87,89,90,91,93,95,97,98,99,100,101,102,103,106,107,108,119,120,121,123,124,127,128,129,131,136,138,139,140,141,142,143,145,146,148,153,156,157,159,160,161,167,168
DESKTOP-ASQ3AP9,1535,528.7505881786346,17148.809563625655,1,3,4,5,6,8,9,10,11,12,13,14,17,18,19,20,21,22,23,24,26,40,45,46,52,54,55,56,57,58,59,60,61,62,68,69,72,77,80,82,84,86,87,89,90,91,93,95,97,98,99,100,101,102,103,106,107,108,119,120,121,123,124,127,128,129,131,136,138,139,140,141,142,143,145,146,148,153,156,157,159,160,161,167,168
DESKTOP-ASQ3AP9,1540,530.5017182826996,17153.23764410379,1,3,4,5,6,8,9,10,11,12,13,14,17,18,19,20,21,22,23,24,26,40,45,46,52,54,55,56,57,58,59,60,61,62,68,69,72,77,80,82,84,85,87,89,90,91,93,95,97,98,99,100,101,102,103,106,107,108,119,120,121,123,124,127,128,129,131,136,138,139,140,141,142,143,145,146,148,153,156,157,159,160,161,167,168
DESKTOP-ASQ3AP9,1546,533.120582818985,17160.284278721265,1,3,4,5,6,8,9,10,11,12,13,14,17,18,19,20,21,22,23,26,40,45,46,52,54,55,56,57,58,59,60,61,62,68,69,72,77,80,82,84,85,86,87,89,90,91,93,95,97,98,99,100,101,102,103,106,107,108,119,120,121,123,124,127,128,129,131,136,138,139,140,141,142,143,145,146,148,153,156,157,159,160,161,167,168
DESKTOP-ASQ3AP9,1593,549.8911626338959,17220.14524014323,1,3,4,5,6,8,9,10,11,12,13,14,17,18,19,20,21,22,23,26,40,45,46,52,54,55,56,57,58,59,60,61,62,68,69,72,77,80,82,84,85,86,87,89,90,91,93,95,97,98,99,100,101,102,103,106,107,108,119,120,121,123,124,127,128,129,131,136,138,139,140,141,142,143,145,146,148,151,153,156,157,159,160,161,168
DESKTOP-ASQ3AP9,1684,577.3500900268555,17228.666202622044,1,3,4,5,6,8,9,10,11,12,13,14,17,18,19,20,21,22,23,26,40,45,46,52,54,55,56,57,58,59,60,61,62,68,69,72,77,80,84,85,86,87,89,90,91,93,95,97,98,99,100,101,102,103,106,107,108,119,120,121,123,124,127,128,129,131,136,138,139,140,141,142,143,145,146,148,151,153,156,158,159,160,161,168,169
DESKTOP-ASQ3AP9,1685,577.8217306137085,17232.605166087087,1,3,4,5,6,8,10,11,12,13,14,17,18,19,20,21,22,23,26,40,45,46,52,54,55,56,57,58,59,60,61,62,68,69,72,77,80,82,84,85,86,87,89,90,91,93,95,97,98,99,100,101,102,103,106,107,108,119,120,121,123,124,127,128,129,131,136,138,139,140,141,142,143,145,146,148,151,153,156,157,158,159,160,161,169
DESKTOP-ASQ3AP9,1689,579.5755271911621,17285.186344592767,1,3,4,5,6,8,9,10,11,12,13,14,17,18,19,20,21,22,23,26,40,46,52,54,55,56,57,58,59,61,62,68,69,72,77,80,82,84,85,86,87,89,90,91,93,95,97,98,99,100,101,102,103,106,107,108,119,120,121,123,124,127,128,129,131,136,138,139,140,141,142,143,145,146,148,151,153,156,157,158,159,160,161,168,169
DESKTOP-ASQ3AP9,1725,593.658814907074,17298.107903117627,1,3,4,5,6,8,9,10,11,12,13,14,17,18,19,20,21,22,23,26,40,45,46,52,54,55,56,58,59,61,62,68,69,72,77,80,82,84,85,86,87,89,90,91,93,95,97,98,99,100,101,102,103,106,107,108,119,120,121,123,124,127,128,129,131,136,138,139,140,141,142,143,145,146,148,151,153,156,157,158,159,160,161,168,169
DESKTOP-ASQ3AP9,1746,601.8227064609528,17312.740298056306,1,3,4,5,6,8,9,10,11,12,13,14,17,18,19,20,21,22,23,40,45,46,52,54,55,56,57,58,59,61,62,68,69,72,77,80,82,84,85,86,87,89,90,91,93,95,97,98,99,100,101,102,103,106,107,108,119,120,121,123,124,127,128,129,131,136,138,139,140,141,142,143,145,146,148,151,153,156,157,158,159,160,161,168,169
DESKTOP-ASQ3AP9,1750,603.571691274643,17320.051399286684,1,3,4,5,6,8,9,10,11,12,13,14,17,18,19,20,22,23,26,40,45,46,52,54,55,56,57,58,59,61,62,68,69,72,77,80,82,84,85,86,87,89,90,91,93,95,97,98,99,100,101,102,103,106,107,108,119,120,121,123,124,127,128,129,131,136,138,139,140,141,142,143,145,146,148,151,153,156,157,158,159,160,161,168,169
DESKTOP-ASQ3AP9,1755,605.7543773651123,17325.288229968686,1,3,4,5,6,8,9,10,11,12,13,14,17,18,19,20,21,22,23,26,40,45,46,52,54,55,56,57,58,61,62,68,69,72,77,80,82,84,85,86,87,89,90,91,93,95,97,98,99,100,101,102,103,106,107,108,119,120,121,123,124,127,128,129,131,136,138,139,140,141,142,143,145,146,148,151,153,156,157,158,159,160,161,168,169
DESKTOP-ASQ3AP9,1774,613.0615050792694,17387.435480988686,1,3,4,5,6,8,9,10,11,12,13,14,17,18,19,20,21,22,23,26,40,45,46,52,54,55,56,57,58,59,61,62,68,69,72,77,80,82,84,85,86,87,89,90,91,93,95,97,98,99,100,101,102,103,106,107,108,119,120,121,123,124,127,128,129,131,136,138,140,141,142,143,145,146,148,151,153,156,157,158,159,160,161,168,169
DESKTOP-ASQ3AP9,1856,636.6410691738129,17425.897221747633,1,3,4,5,6,8,9,10,11,12,13,14,17,18,19,20,22,23,26,40,45,46,52,54,55,56,57,58,59,61,62,68,69,72,77,78,80,82,84,85,86,87,89,90,91,93,95,97,98,99,100,101,103,106,107,108,119,120,121,122,123,124,127,128,129,131,136,138,140,141,142,143,145,146,148,151,153,156,157,158,159,160,161,168,169
DESKTOP-ASQ3AP9,1863,639.6743423938751,17479.22690490608,1,3,4,5,6,8,9,10,11,12,13,14,17,18,19,20,21,22,23,26,40,45,46,52,54,55,56,57,58,61,62,68,69,72,77,78,80,82,84,85,87,89,90,91,93,95,97,98,99,100,101,102,103,106,107,108,119,120,121,122,123,124,127,128,129,131,136,138,140,141,142,143,145,146,148,151,153,156,157,158,159,160,161,168,169
DESKTOP-ASQ3AP9,2042,692.0141091346741,17529.37747216037,1,3,4,5,6,8,9,10,11,12,13,14,17,18,19,20,21,22,23,26,40,45,46,52,54,55,56,57,58,61,62,68,69,72,77,78,82,84,85,87,89,90,91,93,95,97,98,99,100,101,102,103,106,107,108,119,120,121,122,123,124,127,128,129,131,136,138,140,141,142,143,145,146,148,151,152,153,156,157,158,159,160,161,168,169
DESKTOP-ASQ3AP9,2044,692.9059460163116,17547.986299377408,1,3,4,5,6,8,9,10,11,12,13,14,17,18,19,20,21,22,23,26,40,45,46,52,55,56,57,58,61,62,68,69,72,77,78,80,82,84,85,87,89,90,91,93,95,97,98,99,100,101,102,103,106,107,108,119,120,121,122,123,124,127,128,129,131,136,138,140,141,142,143,145,146,148,151,152,153,156,157,158,159,160,161,168,169
DESKTOP-ASQ3AP9,2047,694.233302116394,17548.335277847404,1,3,4,5,6,8,9,10,11,12,13,14,17,18,19,20,21,22,23,40,45,46,52,54,55,56,57,58,61,62,68,69,72,77,78,80,82,84,85,87,89,90,91,93,95,97,98,99,100,101,102,103,106,107,108,119,120,121,122,123,124,127,128,129,131,136,138,140,141,142,143,145,146,148,151,152,153,156,157,158,159,160,161,168,169
DESKTOP-ASQ3AP9,2051,695.9911758899689,17555.357069286398,1,3,4,5,6,8,9,10,11,12,13,14,17,18,19,20,21,22,23,26,40,45,46,52,54,55,56,57,58,61,62,68,69,72,77,78,80,82,84,85,87,89,90,91,93,95,97,98,99,100,101,102,103,106,107,108,119,120,121,123,124,127,128,129,131,136,138,140,141,142,143,145,146,148,151,152,153,156,157,158,159,160,161,168,169
DESKTOP-ASQ3AP9,2066,702.4321866035461,17563.971044780574,1,3,4,5,6,8,9,10,11,12,13,14,17,18,19,20,21,22,23,26,40,45,46,52,54,55,56,57,58,61,62,68,69,72,77,78,80,82,84,87,89,90,91,93,95,97,98,99,100,101,102,103,106,107,108,119,120,121,122,123,124,127,128,129,131,136,138,140,141,142,143,145,146,148,151,152,153,156,157,158,159,160,161,168,169
DESKTOP-ASQ3AP9,2128,722.5935702323914,17592.23786400282,1,3,4,5,6,8,9,10,11,12,13,14,17,18,19,20,21,22,23,26,40,45,46,52,54,55,56,57,58,61,62,68,69,72,77,78,80,82,84,87,89,90,91,93,95,97,98,99,100,101,102,103,106,107,108,119,120,121,122,123,124,127,128,129,131,132,136,138,140,141,142,143,145,146,148,151,152,153,156,157,158,159,160,161,169
DESKTOP-ASQ3AP9,2129,723.0603206157684,17593.205754841158,1,3,4,5,6,8,9,10,11,12,13,14,17,18,19,20,21,22,23,26,40,45,46,52,54,55,56,57,58,61,62,68,69,77,78,80,82,84,87,89,90,91,93,95,97,98,99,100,101,102,103,106,107,108,119,120,121,122,123,124,127,128,129,131,132,136,138,140,141,142,143,145,146,148,151,152,153,156,157,158,159,160,161,168,169
DESKTOP-ASQ3AP9,2137,726.5443248748779,17625.71587023227,1,3,4,5,6,8,9,10,11,12,13,14,17,18,19,20,21,22,23,26,40,45,46,52,54,55,56,57,58,61,62,69,72,77,78,80,82,84,87,89,90,91,93,95,97,98,99,100,101,102,103,106,107,108,119,120,121,122,123,124,127,128,129,131,132,136,138,140,141,142,143,145,146,148,151,152,153,156,157,158,159,160,161,168,169
DESKTOP-ASQ3AP9,2142,728.7202508449554,17633.545026101463,1,3,4,5,6,8,9,10,11,12,13,14,17,18,19,20,21,22,23,26,40,45,46,52,54,55,56,57,58,61,62,68,69,72,77,78,80,82,84,87,89,90,91,93,95,97,98,99,100,101,102,103,106,107,108,119,120,121,122,123,127,128,129,131,132,136,138,140,141,142,143,145,146,148,151,152,153,156,157,158,159,160,161,168,169
DESKTOP-ASQ3AP9,2146,730.46812748909,17640.063834248842,1,3,4,5,6,8,9,10,11,12,13,14,17,18,19,20,21,22,23,26,40,45,46,52,54,55,56,57,58,61,62,68,69,72,77,78,80,82,84,87,89,90,91,93,95,97,98,99,100,101,102,103,106,107,108,119,120,121,123,124,127,128,129,131,132,136,138,140,141,142,143,145,146,148,151,152,153,156,157,158,159,160,161,168,169
DESKTOP-ASQ3AP9,2381,797.6062467098236,17655.360442763817,1,3,4,5,6,8,9,10,11,12,13,14,17,18,19,20,21,22,23,40,45,46,52,54,55,56,57,58,61,62,68,69,72,74,77,78,80,82,84,87,89,90,91,93,95,97,98,99,100,101,102,103,106,107,108,119,120,121,123,124,127,128,129,131,132,136,138,140,141,142,143,145,146,148,151,152,153,156,157,158,159,160,161,168,169
DESKTOP-ASQ3AP9,2758,906.9019017219543,17677.58883326492,1,3,4,5,6,8,9,10,11,12,13,14,17,18,19,20,21,22,23,40,45,46,47,52,55,56,57,58,61,62,68,69,72,74,77,78,80,82,84,87,89,90,91,93,95,97,98,99,100,101,102,103,106,107,108,119,120,121,123,124,127,128,129,131,132,136,138,140,141,142,143,145,146,148,151,152,153,156,157,158,159,160,161,168,169
DESKTOP-ASQ3AP9,2790,916.3573968410492,17685.6608232782,1,3,4,5,6,8,9,10,11,12,13,14,17,18,19,20,22,23,40,45,46,47,52,54,55,56,57,58,61,62,68,69,72,74,77,78,80,82,84,87,89,90,91,93,95,97,98,99,100,101,102,103,106,107,108,119,120,121,123,124,127,128,129,131,132,136,138,140,141,142,143,145,146,148,151,152,153,156,157,158,159,160,161,168,169
DESKTOP-ASQ3AP9,2971,972.9301252365112,17709.730189205613,1,3,4,5,6,8,9,10,11,12,13,14,17,18,19,20,22,23,40,45,46,47,52,54,55,56,57,58,61,62,68,69,72,74,77,78,80,81,82,84,87,89,90,91,93,95,97,98,99,100,101,102,103,106,107,108,119,120,121,123,124,127,128,129,131,132,136,138,140,141,142,143,145,146,148,151,152,153,156,157,158,159,160,168,169
DESKTOP-ASQ3AP9,2976,975.1150200366974,17731.877291473822,1,3,4,5,6,8,9,10,11,12,13,14,17,18,19,20,22,23,40,45,46,47,52,54,55,56,57,58,61,62,68,69,74,77,78,80,81,82,84,87,89,90,91,93,95,97,98,99,100,101,102,103,106,107,108,119,120,121,123,124,127,128,129,131,132,136,138,140,141,142,143,145,146,148,151,152,153,156,157,158,159,160,161,168,169
DESKTOP-ASQ3AP9,2984,978.5764937400818,17766.13387986191,1,3,4,5,6,8,9,10,11,12,13,14,17,18,19,20,22,23,40,45,46,47,52,55,56,57,58,61,62,68,69,72,74,77,78,80,81,82,84,87,89,90,91,93,95,97,98,99,100,101,102,103,106,107,108,119,120,121,123,124,127,128,129,131,132,136,138,140,141,142,143,145,146,148,151,152,153,156,157,158,159,160,161,168,169
DESKTOP-ASQ3AP9,3305,1071.4081103801727,17768.697586207338,1,3,4,5,6,8,9,10,11,12,13,14,17,18,19,20,22,23,40,44,45,46,47,52,55,56,57,58,61,62,68,69,72,74,77,78,80,81,82,84,87,89,90,91,93,95,97,98,99,100,101,102,103,106,107,108,119,121,123,124,127,128,129,131,132,136,138,140,141,142,143,145,146,148,151,152,153,156,157,158,159,160,161,168,169
DESKTOP-ASQ3AP9,3318,1076.7412173748016,17785.488022391542,1,3,4,5,6,8,9,10,11,12,13,14,17,18,19,20,22,23,40,44,45,46,47,52,55,56,57,58,61,62,68,69,72,74,78,80,81,82,84,87,89,90,91,93,95,97,98,99,100,101,102,103,106,107,108,119,120,121,123,124,127,128,129,131,132,136,138,140,141,142,143,145,146,148,151,152,153,156,157,158,159,160,161,168,169
DESKTOP-ASQ3AP9,3319,1077.2402703762054,17793.33185538456,1,3,4,5,6,8,9,10,11,12,13,14,17,18,19,20,22,23,40,44,45,47,52,55,56,57,58,61,62,68,69,72,74,77,78,80,81,82,84,87,89,90,91,93,95,97,98,99,100,101,102,103,106,107,108,119,120,121,123,124,127,128,129,131,132,136,138,140,141,142,143,145,146,148,151,152,153,156,157,158,159,160,161,168,169
DESKTOP-ASQ3AP9,3324,1079.4689457416534,17822.186514516463,1,3,4,5,6,8,9,10,11,12,13,14,17,18,19,20,22,23,44,45,46,47,52,55,56,57,58,61,62,68,69,72,74,77,78,80,81,82,84,87,89,90,91,93,95,97,98,99,100,101,102,103,106,107,108,119,120,121,123,124,127,128,129,131,132,136,138,140,141,142,143,145,146,148,151,152,153,156,157,158,159,160,161,168,169
DESKTOP-ASQ3AP9,3326,1080.377301454544,17822.844927568232,1,3,4,5,6,8,9,10,11,12,13,14,17,18,19,20,22,23,40,44,45,46,47,52,55,56,57,58,61,62,68,69,72,77,78,80,81,82,84,87,89,90,91,93,95,97,98,99,100,101,102,103,106,107,108,119,120,121,123,124,127,128,129,131,132,136,138,140,141,142,143,145,146,148,151,152,153,156,157,158,159,160,161,168,169
DESKTOP-ASQ3AP9,3332,1082.6010406017303,17823.77000201959,1,3,4,5,6,8,9,10,11,12,13,14,17,18,19,20,22,23,40,44,45,46,47,52,55,56,57,58,61,62,69,72,74,77,78,80,81,82,84,87,89,90,91,93,95,97,98,99,100,101,102,103,106,107,108,119,120,121,123,124,127,128,129,131,132,136,138,140,141,142,143,145,146,148,151,152,153,156,157,158,159,160,161,168,169
DESKTOP-ASQ3AP9,3352,1090.4761288166046,17824.09795493703,1,3,4,5,6,8,9,10,11,12,13,14,17,18,19,20,23,40,44,45,46,47,52,55,56,57,58,61,62,68,69,72,74,77,78,80,81,82,84,87,89,90,91,93,95,97,98,99,100,101,102,103,106,107,108,119,120,121,123,124,127,128,129,131,132,136,138,140,141,142,143,145,146,148,151,152,153,156,157,158,159,160,161,168,169
DESKTOP-ASQ3AP9,3388,1103.8060200214386,17824.834687874172,1,3,4,5,6,8,9,10,11,12,13,14,17,18,19,20,22,23,40,44,45,46,47,52,55,56,57,58,61,62,68,69,72,74,77,78,81,82,84,87,89,90,91,93,95,97,98,99,100,101,102,103,106,107,108,119,120,121,123,124,127,128,129,131,132,136,138,140,141,142,143,145,146,148,151,152,153,156,157,158,159,160,161,168,169
DESKTOP-ASQ3AP9,3677,1182.8379845619202,17855.16847131926,1,3,4,5,6,8,9,10,11,12,13,14,17,18,19,20,22,23,40,44,45,46,47,52,55,56,57,58,61,62,68,69,72,74,77,78,81,82,84,87,89,90,91,93,95,97,98,99,100,101,102,103,106,107,108,119,120,121,123,124,127,128,129,130,131,132,136,138,140,141,142,143,145,146,148,151,152,153,156,158,159,160,161,168,169
DESKTOP-ASQ3AP9,3680,1184.16450548172,17856.86252321932,1,3,4,5,6,8,9,10,11,12,13,14,17,18,19,20,23,40,44,45,46,47,52,55,56,57,58,61,62,68,69,72,74,77,78,81,82,84,87,89,90,91,93,95,97,98,99,100,101,102,103,106,107,108,119,120,121,123,124,127,128,129,130,131,132,136,138,140,141,142,143,145,146,148,151,152,153,156,157,158,159,160,161,168,169
DESKTOP-ASQ3AP9,3903,1252.2642168998718,17887.265203778363,1,3,4,5,6,8,9,10,11,12,13,14,17,18,19,20,23,40,44,45,46,47,52,55,56,57,58,61,62,68,69,72,74,77,78,81,82,84,87,89,90,91,93,95,97,98,99,100,101,102,103,106,107,108,119,120,121,123,124,127,128,129,130,131,132,136,138,140,141,142,143,145,146,148,149,151,152,153,156,158,159,160,161,168,169
DESKTOP-ASQ3AP9,4608,1453.7695021629333,17892.734436983603,1,3,4,5,6,8,9,10,11,12,13,14,17,18,19,20,23,40,44,45,46,47,52,55,56,57,58,61,62,63,68,69,74,77,78,81,82,84,87,89,90,91,93,95,97,98,99,100,101,102,103,106,107,108,119,120,121,123,124,127,128,129,130,131,132,136,138,140,141,142,143,145,146,148,149,151,152,153,156,158,159,160,161,168,169
DESKTOP-ASQ3AP9,4620,1458.541963815689,17905.143713234917,1,3,4,5,6,8,9,10,11,12,13,14,17,18,19,20,23,40,44,45,46,47,52,55,56,57,58,61,62,63,69,72,74,77,78,81,82,84,87,89,90,91,93,95,97,98,99,100,101,102,103,106,107,108,119,120,121,123,124,127,128,129,130,131,132,136,138,140,141,142,143,145,146,148,149,151,152,153,156,158,159,160,161,168,169
DESKTOP-ASQ3AP9,4837,1521.8807907104492,17915.70073038404,1,3,4,5,6,8,9,10,11,12,13,14,17,18,19,20,23,40,44,45,46,47,50,52,55,56,58,61,62,63,69,72,74,77,78,81,82,84,87,89,90,91,93,95,97,98,99,100,101,102,103,106,107,108,119,120,121,123,124,127,128,129,130,131,132,136,138,140,141,142,143,145,146,148,149,151,152,153,156,158,159,160,161,168,169
DESKTOP-ASQ3AP9,4855,1529.1936190128326,17917.550680586493,1,3,4,5,6,8,9,10,11,12,13,14,17,18,19,20,23,40,44,46,47,50,52,55,56,57,58,61,62,63,69,72,74,77,78,81,82,84,87,89,90,91,93,95,97,98,99,100,101,102,103,106,107,108,119,120,121,123,124,127,128,129,130,131,132,136,138,140,141,142,143,145,146,148,149,151,152,153,156,158,159,160,161,168,169
DESKTOP-ASQ3AP9,4859,1530.9787888526917,17922.56325783562,1,3,4,5,6,8,9,10,11,12,13,14,17,18,19,20,23,40,44,45,46,47,50,52,55,56,57,58,61,62,63,69,72,77,78,81,82,84,87,89,90,91,93,95,97,98,99,100,101,102,103,106,107,108,119,120,121,123,124,127,128,129,130,131,132,136,138,140,141,142,143,145,146,148,149,151,152,153,156,158,159,160,161,168,169
DESKTOP-ASQ3AP9,6806,2072.68421959877,17926.887302906012,1,3,4,5,6,8,9,10,11,12,13,14,17,18,19,20,23,40,44,45,46,47,50,52,55,56,57,58,61,62,66,69,72,77,78,81,82,84,87,89,90,91,93,95,97,98,99,100,101,102,103,106,107,108,119,120,121,123,124,127,128,129,130,131,132,136,138,140,141,142,143,145,146,148,149,151,152,153,156,158,159,160,161,168,169
DESKTOP-ASQ3AP9,6808,2073.583398580551,17927.944154373767,1,3,4,5,6,8,9,10,11,12,13,14,17,18,19,20,23,40,44,45,46,47,52,55,56,57,58,61,62,63,66,69,72,77,78,81,82,84,87,89,90,91,93,95,97,98,99,100,101,102,103,106,107,108,119,120,121,123,124,127,128,129,130,131,132,136,138,140,141,142,143,145,146,148,149,151,152,153,156,158,159,160,161,168,169
DESKTOP-ASQ3AP9,6811,2074.9019951820374,17948.219002371818,1,3,4,5,6,8,9,10,11,12,13,14,17,18,19,20,23,44,45,46,47,50,52,55,56,57,58,61,62,63,66,69,72,77,78,81,82,84,87,89,90,91,93,95,97,98,99,100,101,102,103,106,107,108,119,120,121,123,124,127,128,129,130,131,132,136,138,140,141,142,143,145,146,148,149,151,152,153,156,158,159,160,161,168,169
DESKTOP-ASQ3AP9,6826,2081.355835914612,17949.40182764002,1,3,4,5,6,8,9,10,11,12,13,14,17,18,19,20,23,40,44,45,46,47,50,52,55,56,58,61,62,63,66,69,72,77,78,81,82,84,87,89,90,91,93,95,97,98,99,100,101,102,103,106,107,108,119,120,121,123,124,127,128,129,130,131,132,136,138,140,141,142,143,145,146,148,149,151,152,153,156,158,159,160,161,168,169
DESKTOP-ASQ3AP9,7002,2132.465659379959,17953.56340477195,1,3,4,5,6,8,9,10,11,12,13,14,17,18,19,20,23,40,44,45,46,47,50,52,55,56,58,61,62,63,66,69,72,77,78,81,82,84,87,89,90,91,93,95,97,98,99,100,101,103,106,107,108,119,120,121,123,124,127,128,129,130,131,132,136,138,140,141,142,143,145,146,148,149,151,152,153,156,157,158,159,160,161,168,169
DESKTOP-ASQ3AP9,8240,2476.1163606643677,17978.477721932057,1,3,4,5,6,8,9,10,11,12,13,14,17,18,19,20,23,40,44,45,46,47,50,52,55,56,58,61,62,63,66,69,72,77,78,81,82,84,87,89,90,91,93,95,97,98,99,100,101,103,106,107,108,119,121,122,123,124,127,128,129,130,131,132,136,138,140,141,142,143,145,146,148,149,151,152,153,156,157,158,159,160,161,168,169
DESKTOP-ASQ3AP9,8251,2480.440032482147,18012.769571510773,1,3,4,5,6,8,9,10,11,12,13,14,17,18,19,20,23,40,44,45,46,47,50,52,55,56,58,61,62,63,66,69,72,77,78,81,82,84,87,89,90,91,93,95,97,98,99,100,101,103,106,107,108,120,121,122,123,124,127,128,129,130,131,132,136,138,140,141,142,143,145,146,148,149,151,152,153,156,157,158,159,160,161,168,169
DESKTOP-ASQ3AP9,9585,2846.09996175766,18023.997842633697,1,3,4,5,6,8,9,10,11,12,13,14,16,17,18,19,20,23,40,44,45,46,47,50,52,55,56,58,61,62,63,66,69,77,78,81,82,84,87,89,90,91,93,95,97,98,99,100,101,103,106,107,108,120,121,122,123,124,127,128,129,130,131,132,136,138,140,141,142,143,145,146,148,149,151,152,153,156,157,158,159,160,161,168,169
DESKTOP-ASQ3AP9,11036,3244.2463088035583,18026.408694238664,1,3,4,5,6,8,9,10,11,12,13,14,16,17,18,19,20,23,44,45,46,47,50,52,55,56,58,61,62,63,66,69,74,77,78,81,82,84,87,89,90,91,93,95,97,98,99,100,101,103,106,107,108,120,121,122,123,124,127,128,129,130,131,132,136,138,140,141,142,143,145,146,148,149,151,152,153,156,157,158,159,160,161,168,169
DESKTOP-ASQ3AP9,22009,6225.515432357788,18028.89153202143,1,3,4,5,6,8,9,10,11,12,13,14,16,17,18,19,20,23,44,45,46,47,50,52,55,56,58,61,62,63,66,69,72,77,78,81,82,84,87,89,90,91,93,95,97,98,99,100,101,103,106,107,108,120,121,122,123,124,127,128,129,130,131,132,136,138,140,141,142,143,145,146,148,149,151,152,153,156,157,158,159,160,161,168,169
DESKTOP-ASQ3AP9,24884,7010.685294628143,18035.6230567969,1,3,4,5,6,8,9,10,11,12,13,14,16,17,18,19,20,23,44,45,46,47,50,52,55,56,58,61,62,63,66,69,72,77,78,81,82,84,87,89,90,91,93,95,97,98,99,100,101,103,106,107,108,120,121,122,123,124,127,128,129,130,131,132,136,138,140,141,142,143,145,146,148,149,151,152,153,156,157,158,159,160,161,167,169
DESKTOP-ASQ3AP9,24954,7032.136288881302,18038.08736221302,1,3,4,5,6,8,9,10,11,12,13,14,16,17,18,19,20,23,44,45,46,47,50,52,55,56,58,61,62,63,66,69,72,77,78,81,82,84,87,89,90,91,93,95,97,98,99,100,101,103,106,107,108,119,120,122,123,124,127,128,129,130,131,132,136,138,140,141,142,143,145,146,148,149,151,152,153,156,157,158,159,160,161,167,169
DESKTOP-ASQ3AP9,29805,8367.443468093872,18041.243344959148,1,3,4,5,6,8,9,10,11,12,13,14,16,17,18,19,20,23,44,45,46,47,50,52,55,56,58,61,62,63,66,69,72,77,78,81,82,84,87,89,90,93,95,97,98,99,100,101,103,106,107,108,119,120,122,123,124,127,128,129,130,131,132,136,138,140,141,142,143,145,146,148,149,151,152,153,156,157,158,159,160,161,167,169,170
DESKTOP-ASQ3AP9,41154,11450.367642641068,18049.90987450362,1,3,4,5,6,8,9,10,11,12,13,14,16,17,18,19,20,23,44,45,46,50,52,55,56,58,61,62,63,66,69,71,72,77,78,81,82,84,87,89,90,93,95,97,98,99,100,101,103,106,107,108,119,120,122,123,124,127,128,129,130,131,132,136,138,140,141,142,143,145,146,148,149,151,152,153,156,157,158,159,160,161,167,169,170
DESKTOP-ASQ3AP9,42189,11734.082796812057,18051.212726294227,1,3,4,5,6,8,9,10,11,12,13,14,16,17,18,19,20,23,44,45,46,47,50,52,55,56,58,61,62,63,66,69,71,77,78,81,82,84,87,89,90,93,95,97,98,99,100,101,103,106,107,108,119,120,122,123,124,127,128,129,130,131,132,136,138,140,141,142,143,145,146,148,149,151,152,153,156,157,158,159,160,161,167,169,170
DESKTOP-ASQ3AP9,66483,18429.708558797836,18062.205758016124,1,3,4,5,6,8,9,10,11,12,13,14,16,17,18,19,20,23,44,45,46,47,50,52,55,56,58,61,62,63,66,69,71,77,78,81,82,84,87,89,90,92,93,95,97,98,99,100,101,103,106,107,108,119,120,122,123,124,127,128,129,130,131,132,136,138,141,142,143,145,146,148,149,151,152,153,156,157,158,159,160,161,167,169,170
DESKTOP-ASQ3AP9,68201,18895.008910417557,18064.274977200275,1,3,4,5,6,8,9,10,11,12,13,14,16,17,18,19,20,23,44,45,46,47,50,52,55,56,58,61,62,63,66,69,71,77,78,81,82,84,87,89,90,92,93,94,95,97,98,99,100,103,106,107,108,119,120,122,123,124,127,128,129,130,131,132,136,138,141,142,143,145,146,148,149,151,152,153,156,157,158,159,160,161,167,169,170
DESKTOP-ASQ3AP9,74119,20549.052198171616,18070.02027587453,1,3,4,5,6,8,9,10,11,12,13,14,16,17,18,19,20,21,23,44,45,46,47,50,52,55,56,58,61,62,63,66,69,71,77,78,81,82,84,87,89,90,92,93,94,95,97,98,100,103,106,107,108,119,120,122,123,124,127,128,129,130,131,132,136,138,141,142,143,145,146,148,149,151,152,153,156,157,158,159,160,161,167,169,170
DESKTOP-ASQ3AP9,76386,21153.503347158432,18079.36406831986,1,3,4,5,6,8,9,10,11,12,13,14,16,17,18,19,20,23,44,45,46,47,50,52,55,56,58,61,62,63,66,69,71,74,77,78,81,82,84,87,89,90,92,93,94,95,97,98,100,103,106,107,108,119,120,122,123,124,127,128,129,130,131,132,136,138,141,142,143,145,146,148,149,151,152,153,156,157,158,159,160,161,167,169,170
DESKTOP-ASQ3AP9,83719,23175.198273420334,18088.17835562773,1,3,4,5,6,8,9,10,11,12,13,14,16,17,18,19,20,23,44,45,46,47,50,52,55,56,58,60,61,62,63,66,69,71,77,78,81,82,84,87,89,90,92,93,94,95,97,98,100,103,106,107,108,119,120,122,123,124,127,128,129,130,131,132,136,138,141,142,143,145,146,148,149,151,152,153,156,157,158,159,160,161,167,169,170
DESKTOP-ASQ3AP9,91311,25289.984031677246,18088.59737711174,1,3,4,5,6,8,9,10,11,12,13,14,16,17,18,19,20,23,44,45,46,47,50,52,55,56,57,58,61,62,63,66,69,71,77,78,81,82,84,87,89,90,92,93,94,95,97,98,100,103,106,107,108,119,120,122,123,124,127,128,129,130,131,132,136,138,141,142,143,145,146,148,149,151,152,153,156,157,158,159,160,161,167,169,170
DESKTOP-ASQ3AP9,100955,27935.722561597824,18097.82549222078,1,3,4,5,6,8,9,10,11,12,13,14,16,17,18,19,20,23,44,45,46,47,50,52,55,56,58,61,62,63,66,69,71,72,77,78,81,82,84,87,89,90,92,93,94,95,97,98,100,103,106,107,108,119,120,122,123,124,127,128,129,130,131,132,136,138,141,142,143,145,146,148,149,151,152,153,156,157,158,159,160,161,167,169,170
